編號,遊戲英文名,遊戲中文名,遊戲日文名,真實原名,真實中文譯名,英文Wiki,中文Wiki,備註,ID,姓名,中文版,英文版,國家,顏,政治,財政,補給,建設,指揮,步兵,騎兵,砲兵,冷靜,勇敢,魅力,幸運
0,Napoleon,拿破崙,ナポレオン,Napoléon Bonaparte,拿破崙·波拿巴,https://en.wikipedia.org/wiki/Napoleon,https://zh.wikipedia.org/wiki/拿破仑一世,,0,拿破崙一世,拿破崙,Napoleon,法蘭西,0,B,C,B,A,A,A,C,A,冷靜,勇氣,魅力,幸運
1,Joseph,喬斯福,ジョゼフ,Joseph Bonaparte,約瑟夫·波拿巴,https://en.wikipedia.org/wiki/Joseph_Bonaparte,https://zh.wikipedia.org/wiki/约瑟夫·波拿巴,拿破崙之兄,1,約瑟夫·波拿巴,喬斯福,Joseph,法蘭西,1,C,C,C,B,C,C,D,D,,,,
2,Lucien,魯西恩,リュシアン,Lucien Bonaparte,呂西安·波拿巴,https://en.wikipedia.org/wiki/Lucien_Bonaparte,https://zh.wikipedia.org/wiki/吕西安·波拿巴,拿破崙之弟,2,呂西安·波拿巴,魯西恩,Lucien,法蘭西,2,B,B,C,C,C,D,D,D,,,,
3,Louis,路易斯,ルイ,Louis Bonaparte,路易·波拿巴,https://en.wikipedia.org/wiki/Louis_Bonaparte,https://zh.wikipedia.org/wiki/路易·波拿巴,拿破崙之弟；拿破崙三世之父,3,拿破崙三世,路易斯,Louis,法蘭西,3,C,D,B,C,C,C,D,D,,,,
4,Jerome,哲羅姆,ジェローム,Jérôme Bonaparte,熱羅姆·波拿巴,https://en.wikipedia.org/wiki/Jérôme_Bonaparte,https://zh.wikipedia.org/wiki/热罗姆·波拿巴,拿破崙之么弟,4,熱羅姆·波拿巴,哲羅姆,Jerome,法蘭西,4,C,D,C,C,C,C,C,C,單純,,,
5,Eugene,尤金,ウジェーヌ,Eugène de Beauharnais,歐仁·德·博阿爾內,https://en.wikipedia.org/wiki/Eugène_de_Beauharnais,https://zh.wikipedia.org/wiki/欧仁·德·博阿尔内,拿破崙繼子,5,拿破崙四世,尤金,Eugene,法蘭西,5,C,C,C,C,B,C,C,D,,,魅力,
6,Serurier,塞律里埃,セリュリエ,Jean-Mathieu-Philibert Sérurier,塞律里埃,https://en.wikipedia.org/wiki/Jean-Mathieu-Philibert_Sérurier,https://zh.wikipedia.org/wiki/让-马蒂厄-菲利贝尔·塞律里埃,帝國元帥(榮譽),6,讓-馬蒂厄-菲利貝爾·塞律里埃,塞律里埃,Serurier,法蘭西,6,C,C,B,C,B,B,C,C,,,,
7,Carnot,卡爾諾,カルノー,Lazare Carnot,拉扎爾·卡諾,https://en.wikipedia.org/wiki/Lazare_Carnot,https://zh.wikipedia.org/wiki/拉扎尔·卡诺,「勝利的組織者」,7,拉扎爾·卡諾,卡爾諾,Carnot,法蘭西,7,B,B,B,C,B,C,C,C,,,,
8,Berthier,伯奇爾,ベルティエ,Louis-Alexandre Berthier,路易-亞歷山大·貝爾蒂埃,https://en.wikipedia.org/wiki/Louis-Alexandre_Berthier,https://zh.wikipedia.org/wiki/路易-亚历山大·贝尔蒂埃,帝國元帥；拿破崙參謀長,8,路易-亞歷山大·貝爾蒂埃,伯奇爾,Berthier,法蘭西,8,C,C,A,B,A,C,D,C,冷靜,,,
9,Talleyrand,脫利蘭,タレイラン,Charles Maurice de Talleyrand-Périgord,夏爾·莫里斯·德·塔列朗-佩里戈爾,https://en.wikipedia.org/wiki/Charles_Maurice_de_Talleyrand-Périgord,https://zh.wikipedia.org/wiki/夏尔·莫里斯·德塔列朗-佩里戈尔,外交大臣,9,夏爾·莫里斯·德塔列朗-佩里戈爾,脫利蘭,Talleyrand,法蘭西,9,A,A,D,D,D,D,D,D,冷靜,,魅力,
10,Moncey,蒙塞,モンセイ,Bon-Adrien Jeannot de Moncey,蒙塞,https://en.wikipedia.org/wiki/Bon-Adrien_Jeannot_de_Moncey,https://zh.wikipedia.org/wiki/邦-阿德里安·让诺·德·蒙塞,帝國元帥,10,邦·阿德里安·讓諾·德·蒙塞,蒙塞,Moncey,法蘭西,10,C,C,B,C,C,B,C,C,,,,
11,Barras,巴羅斯,バラス,Paul Barras,保羅·巴拉斯,https://en.wikipedia.org/wiki/Paul_Barras,https://zh.wikipedia.org/wiki/保尔·巴拉斯,督政府成員,11,保羅·巴拉斯,巴羅斯,Barras,法蘭西,11,B,C,C,C,C,D,D,D,,膽小,,
12,Lefebvre,勒費弗爾,ルフーブル,François Joseph Lefebvre,弗朗索瓦·約瑟夫·勒費弗爾,https://en.wikipedia.org/wiki/François_Joseph_Lefebvre,https://zh.wikipedia.org/wiki/弗朗索瓦·约瑟夫·勒费弗尔,帝國元帥,12,弗朗索瓦·約瑟夫·勒菲弗,勒費弗爾,Lefebvre,法蘭西,12,C,C,B,C,C,B,B,C,,勇氣,,
13,Augereau,歐吉里歐,オジュロー,Pierre Augereau,皮埃爾·奧熱羅,https://en.wikipedia.org/wiki/Pierre_Augereau,https://zh.wikipedia.org/wiki/皮埃尔·奥热罗,帝國元帥,13,皮埃爾·奧熱羅,歐吉里歐,Augereau,法蘭西,13,C,D,C,C,B,B,C,C,單純,,,
14,La Mette,儒爾當,ラメット,Jean-Baptiste Jourdan,讓-巴蒂斯特·儒爾當,https://en.wikipedia.org/wiki/Jean-Baptiste_Jourdan,https://zh.wikipedia.org/wiki/让-巴蒂斯特·儒尔当,EN名La Mette可能指Charles de Lameth；ZH名儒爾當指Jourdan；EN/ZH名不一致,14,讓-巴蒂斯特·儒爾當,儒爾當,La Mette,法蘭西,14,B,B,C,B,D,C,C,C,,,,
15,Massena,馬塞納,マッセナ,André Masséna,安德烈·馬塞納,https://en.wikipedia.org/wiki/André_Masséna,https://zh.wikipedia.org/wiki/安德烈·马塞纳,帝國元帥,15,安德烈·馬塞納,馬塞納,Massena,法蘭西,15,C,C,C,B,C,A,C,C,,勇氣,,
16,Fouche,福契,フーシェ,Joseph Fouché,約瑟夫·富歇,https://en.wikipedia.org/wiki/Joseph_Fouché,https://zh.wikipedia.org/wiki/约瑟夫·富歇,警務大臣,16,約瑟夫·富歇,福契,Fouche,法蘭西,16,A,B,C,C,D,D,D,D,冷靜,膽小,,
17,Bernadotte,貝爾納多特,ベルナドット,Jean-Baptiste Bernadotte,讓-巴蒂斯特·貝爾納多特,https://en.wikipedia.org/wiki/Charles_XIV_John,https://zh.wikipedia.org/wiki/卡尔十四世·约翰,帝國元帥；後為瑞典國王卡爾十四世,17,卡爾十四世·約翰,貝爾納多特,Bernadotte,法蘭西,17,B,C,B,B,B,B,B,C,,,魅力,幸運
18,Victor,維特,ヴィクトール,Claude Victor-Perrin,克洛德·維克托-佩蘭,https://en.wikipedia.org/wiki/Claude_Victor-Perrin,https://zh.wikipedia.org/wiki/克洛德·维克托-佩兰,帝國元帥,18,克洛德·維克托-佩蘭,維特,Victor,法蘭西,18,B,B,B,C,C,D,B,C,,,,
19,St. Cyr,圣西里,サンシール,Laurent de Gouvion Saint-Cyr,洛朗·德·古維翁-聖西爾,https://en.wikipedia.org/wiki/Laurent_de_Gouvion_Saint-Cyr,https://zh.wikipedia.org/wiki/洛朗·德·古维翁-圣西尔,帝國元帥,19,洛朗·古維翁-聖西爾,圣西里,St. Cyr,法蘭西,19,C,B,B,C,C,C,B,D,,,,
20,Dupont,杜邦,デュポン,Pierre Dupont de l'Étang,皮埃爾·杜邦·德·萊唐,https://en.wikipedia.org/wiki/Pierre_Dupont_de_l%27Étang,https://zh.wikipedia.org/wiki/皮埃尔·杜邦·德·莱唐,拜倫戰役投降,20,Pierre Dupont de l'Étang,杜邦,Dupont,法蘭西,20,C,B,C,C,B,C,C,C,,,,
21,D'Erlon,德爾隆,デルロン,Jean-Baptiste Drouet comte d'Erlon,讓-巴蒂斯特·德魯埃·德爾隆伯爵,https://en.wikipedia.org/wiki/Jean-Baptiste_Drouet%2C_Comte_d%27Erlon,https://zh.wikipedia.org/wiki/让-巴蒂斯特·德鲁埃_(埃尔隆伯爵),,21,"Jean-Baptiste Drouet, Comte d'Erlon",德爾隆,D'Erlon,法蘭西,21,D,C,C,D,D,B,C,C,,,,
22,MacDonald,麥克唐納,マクドナルド,Jacques MacDonald,雅克·麥克唐納,https://en.wikipedia.org/wiki/Jacques_MacDonald,https://zh.wikipedia.org/wiki/雅克·麦克唐纳,帝國元帥,22,艾蒂安·麥克唐納,麥克唐納,MacDonald,法蘭西,22,D,C,C,C,C,B,B,C,,,,幸運
23,Grouchy,格魯希,グルーシー,Emmanuel de Grouchy,埃馬紐埃爾·德·格魯希,https://en.wikipedia.org/wiki/Emmanuel_de_Grouchy,https://zh.wikipedia.org/wiki/埃马纽埃尔·德·格鲁希,帝國元帥；滑鐵盧戰役爭議人物,23,埃馬紐埃爾·德·格魯希,格魯希,Grouchy,法蘭西,23,B,C,C,C,D,C,B,D,單純,,,
24,Bessieres,貝西埃爾,ベシェール,Jean-Baptiste Bessières,讓-巴蒂斯特·貝西埃爾,https://en.wikipedia.org/wiki/Jean-Baptiste_Bessières,https://zh.wikipedia.org/wiki/让-巴蒂斯特·贝西埃尔,帝國元帥,24,讓-巴蒂斯特·貝西埃,貝西埃爾,Bessieres,法蘭西,24,D,C,D,C,D,C,A,C,,勇氣,,
25,Milhaud,莫羅,ミロー,Édouard Jean Baptiste Milhaud,米約,https://en.wikipedia.org/wiki/Édouard_Jean_Baptiste_Milhaud,,ZH名莫羅與EN名Milhaud不符；ZH可能誤用Moreau譯名,25,Édouard Jean Baptiste Milhaud,莫羅,Milhaud,法蘭西,25,D,D,C,C,C,D,B,C,,,,
26,Murat,木雷,ミュラ,Joachim Murat,若阿尚·繆拉,https://en.wikipedia.org/wiki/Joachim_Murat,https://zh.wikipedia.org/wiki/若阿尚·缪拉,帝國元帥；那不勒斯國王,26,若阿尚·繆拉,木雷,Murat,法蘭西,26,C,D,C,D,C,C,A,D,單純,勇氣,魅力,
27,Desaix,迪賽伊克斯,ドゼー,Louis Charles Antoine Desaix,路易·夏爾·安托萬·德賽,https://en.wikipedia.org/wiki/Louis_Desaix,https://zh.wikipedia.org/wiki/路易·德赛,馬倫戈戰役陣亡,27,路易·德賽,迪賽伊克斯,Desaix,法蘭西,27,C,C,B,B,B,B,C,C,,勇氣,魅力,
28,Mortier,莫蒂埃,モルティエ,Édouard Mortier,愛德華·莫蒂埃,https://en.wikipedia.org/wiki/Édouard_Mortier,https://zh.wikipedia.org/wiki/爱德华·莫蒂埃,帝國元帥,28,愛德華·莫蒂埃,莫蒂埃,Mortier,法蘭西,28,B,C,C,C,B,B,C,C,,,,
29,Mobrogue,墨勃格,モーブルグ,Marie Victor de Fay marquis de Latour-Maubourg,拉圖爾-莫布爾侯爵,https://en.wikipedia.org/wiki/Victor_de_Fay_de_La_Tour-Maubourg,,JP名モーブルグ確認為Latour-Maubourg；法軍騎兵將領,29,(墨勃格),墨勃格,Mobrogue,法蘭西,29,C,C,C,D,D,C,B,D,,,,
30,Soult,史考得,スルト,Nicolas Jean-de-Dieu Soult,尼古拉·讓-德迪厄·蘇爾特,https://en.wikipedia.org/wiki/Nicolas_Jean-de-Dieu_Soult,https://zh.wikipedia.org/wiki/尼古拉·让·德迪乌·苏尔特,帝國元帥,30,讓·德迪厄·蘇爾特,史考得,Soult,法蘭西,30,C,C,B,B,B,A,C,B,冷靜,,,
31,Ney,耐伊,ネイ,Michel Ney,米歇爾·內伊,https://en.wikipedia.org/wiki/Michel_Ney,https://zh.wikipedia.org/wiki/米歇尔·内伊,帝國元帥；「勇士中的勇士」,31,米歇爾·內伊,耐伊,Ney,法蘭西,31,C,C,B,B,B,B,B,C,單純,勇氣,,
32,Friant,佛蘭特,フリアン,Louis Friant,路易·弗里昂,https://en.wikipedia.org/wiki/Louis_Friant,https://zh.wikipedia.org/wiki/路易·弗里昂,師長,32,Louis Friant,佛蘭特,Friant,法蘭西,32,D,C,B,C,C,C,C,B,,,魅力,幸運
33,Lannes,列寧斯,ランヌ,Jean Lannes,讓·拉納,https://en.wikipedia.org/wiki/Jean_Lannes,https://zh.wikipedia.org/wiki/让·拉纳,帝國元帥；阿斯佩恩-埃斯林戰役陣亡,33,尚·拉納,列寧斯,Lannes,法蘭西,33,C,C,B,B,B,B,C,B,,勇氣,,
34,Vandamme,旺達姆,ヴァンダム,Dominique Vandamme,多米尼克·旺達姆,https://en.wikipedia.org/wiki/Dominique_Vandamme,https://zh.wikipedia.org/wiki/多米尼克·旺达姆,,34,Dominique Vandamme,旺達姆,Vandamme,法蘭西,34,C,D,C,C,C,C,B,C,單純,,,
35,Cambronne,坎伯尼,カンブロンヌ,Pierre Cambronne,皮埃爾·康布羅納,https://en.wikipedia.org/wiki/Pierre_Cambronne,https://zh.wikipedia.org/wiki/皮埃尔·康布罗纳,滑鐵盧老近衛軍指揮官,35,Pierre Cambronne,坎伯尼,Cambronne,法蘭西,35,C,D,B,C,C,B,C,C,,,,
36,Kellermann,克拉蒙,ケレルマン,François Étienne de Kellermann,弗朗索瓦·艾蒂安·德·凱勒曼,https://en.wikipedia.org/wiki/François_Étienne_de_Kellermann,,騎兵將領；亦可能指其父老凱勒曼,36,François Étienne de Kellermann,克拉蒙,Kellermann,法蘭西,36,C,C,C,D,C,C,B,D,,,,
37,Suchet,絮歇,スシェト,Louis Gabriel Suchet,路易·加布里埃爾·絮歇,https://en.wikipedia.org/wiki/Louis-Gabriel_Suchet,https://zh.wikipedia.org/wiki/路易·加布里埃尔·絮歇,帝國元帥,37,路易·加布里埃爾·絮歇,絮歇,Suchet,法蘭西,37,C,B,C,B,C,C,C,C,,,,
38,Davout,達夫歐,ダヴー,Louis-Nicolas Davout,路易-尼古拉·達武,https://en.wikipedia.org/wiki/Louis-Nicolas_Davout,https://zh.wikipedia.org/wiki/路易-尼古拉·达武,帝國元帥；「鐵帥」,38,路易·尼古拉·達武,達夫歐,Davout,法蘭西,38,C,C,B,B,A,A,C,B,冷靜,,,
39,Bourrienne,布雷尼,ブーリエンヌ,Louis Antoine Fauvelet de Bourrienne,路易·安托萬·福韋萊·德·布里昂,https://en.wikipedia.org/wiki/Louis_Antoine_Fauvelet_de_Bourrienne,https://zh.wikipedia.org/wiki/路易·安托万·福韦莱·德·布里昂,拿破崙私人秘書,39,Louis Antoine Fauvelet de Bourrienne,布雷尼,Bourrienne,法蘭西,39,C,B,C,B,C,C,D,D,,膽小,,
40,Montbrun,蒙特布朗,モンブラン,Louis-Pierre Montbrun,路易-皮埃爾·蒙布倫,https://en.wikipedia.org/wiki/Louis-Pierre_Montbrun,,騎兵將領,40,Louis-Pierre Montbrun,蒙特布朗,Montbrun,法蘭西,40,C,D,C,C,C,D,B,C,,,,
41,Moreau,莫羅,モロー,Jean Victor Marie Moreau,讓·維克多·馬里·莫羅,https://en.wikipedia.org/wiki/Jean_Victor_Marie_Moreau,https://zh.wikipedia.org/wiki/让·维克多·马里·莫罗,共和國名將；後流亡,41,讓·維克托·馬里·莫羅,莫羅,Moreau,法蘭西,41,C,C,C,B,B,B,C,B,,,,
42,Junot,朱諾,ジュノ,Jean-Andoche Junot,讓-安多什·朱諾,https://en.wikipedia.org/wiki/Jean-Andoche_Junot,https://zh.wikipedia.org/wiki/让-安多什·朱诺,,42,讓-安多什·朱諾,朱諾,Junot,法蘭西,42,D,D,C,C,B,B,C,C,,勇氣,,
43,Rapp,拉普,ラップ,Jean Rapp,讓·拉普,https://en.wikipedia.org/wiki/Jean_Rapp,,,43,讓·拉普,拉普,Rapp,法蘭西,43,D,D,C,C,C,C,D,C,,,,
44,Reynier,雷尼埃,レイニエ,Jean-Louis-Ébénézer Reynier,讓-路易-埃貝內澤·雷尼耶,https://en.wikipedia.org/wiki/Jean_Louis_Ébénézer_Reynier,,,44,Jean Reynier,雷尼埃,Reynier,法蘭西,44,C,D,C,B,C,C,D,B,,,,
45,Sebastiani,塞巴斯蒂尼,セバスティアニ,Horace Sébastiani,奧拉斯·塞巴斯蒂亞尼,https://en.wikipedia.org/wiki/Horace_Sébastiani,,,45,奧拉斯·塞巴斯蒂亞尼,塞巴斯蒂尼,Sebastiani,法蘭西,45,B,C,D,B,C,C,B,D,,,,
46,Bruyes,布代,プティ,Jean-Martin Petit,讓-馬丹·珀蒂,https://en.wikipedia.org/wiki/Jean-Martin_Petit,,JP名プティ(Petit)與EN名Bruyes完全不同；JP原名指向老近衛軍指揮官Petit；楓丹白露告別場景主角,46,(布代),布代,Bruyes,法蘭西,46,B,D,C,C,C,C,C,D,,,,
47,Marmont,馬蒙,マルモン,Auguste de Marmont,奧古斯特·德·馬爾蒙,https://en.wikipedia.org/wiki/Auguste_de_Marmont,https://zh.wikipedia.org/wiki/奥古斯特·德·马尔蒙,帝國元帥,47,奧古斯特·德·馬爾蒙,馬蒙,Marmont,法蘭西,47,B,C,B,C,B,B,C,B,,,魅力,
48,Girard,吉納德,ジェラール,Étienne Maurice Gérard,艾蒂安·莫里斯·熱拉爾,https://en.wikipedia.org/wiki/Étienne_Maurice_Gérard,,現有wiki資料指向Gérard而非Girard,48,艾蒂安·莫里斯·熱拉爾,吉納德,Girard,法蘭西,48,C,C,C,B,C,C,C,C,,,,
49,LaSalle,拉薩爾,ラサル,Antoine Charles Louis de Lasalle,安托萬·夏爾·路易·德·拉薩勒,https://en.wikipedia.org/wiki/Antoine_Charles_Louis_de_Lasalle,,傳奇騎兵將領；瓦格拉姆戰役陣亡,49,安托萬·夏爾·路易·拉薩爾,拉薩爾,LaSalle,法蘭西,49,D,D,D,C,C,C,B,D,,勇氣,,
50,Ledru,雷耶,レイユ,Honoré Charles Reille,奧諾雷·夏爾·雷伊,https://en.wikipedia.org/wiki/Honoré_Charles_Reille,,EN名Ledru與ZH名雷耶(Reille)不符；以ZH名判定為Reille,50,(雷耶),雷耶,Ledru,法蘭西,50,B,C,B,C,C,C,D,C,,,,
51,Caulaincourt,科蘭寇特,コランクール,Armand de Caulaincourt,阿爾芒·德·科蘭庫爾,https://en.wikipedia.org/wiki/Armand_de_Caulaincourt,https://zh.wikipedia.org/wiki/阿尔芒·德·科兰库尔,外交官；拿破崙親信,51,阿爾芒·德·科蘭古,科蘭寇特,Caulaincourt,法蘭西,51,C,C,B,D,C,C,B,D,,,,
52,Gourgaud,格魯希,グールゴ,Gaspard Gourgaud,加斯帕爾·古爾戈,https://en.wikipedia.org/wiki/Gaspard_Gourgaud,,ZH名格魯希與EN名Gourgaud不符；ZH誤用了Grouchy的譯名,52,Gaspard Gourgaud,格魯希,Gourgaud,法蘭西,52,B,C,C,C,C,D,D,B,冷靜,,,
53,Montholon,穆頓,モントロン,Charles Tristan de Montholon,夏爾·特里斯坦·德·蒙托隆,https://en.wikipedia.org/wiki/Charles_Tristan_de_Montholon,,EN名Montholon；ZH名穆頓可能指Georges Mouton(洛鮑伯爵)；EN/ZH名不一致,53,"Charles Tristan, marquis de Montholon",穆頓,Montholon,法蘭西,53,D,D,C,C,C,C,C,C,,,,
54,La Bedouir,拉貝都爾,ラベドワイエール,Charles de La Bédoyère,夏爾·德·拉貝多耶爾,https://en.wikipedia.org/wiki/Charles_de_La_Bédoyère,,百日王朝支持者；被處決,54,Charles de la Bédoyère,拉貝都爾,La Bedouir,法蘭西,54,C,D,C,C,C,C,D,D,,,,
55,George III,喬治三世,ジョージ,George III,喬治三世,https://en.wikipedia.org/wiki/George_III,https://zh.wikipedia.org/wiki/喬治三世,英國國王,55,喬治三世,喬治三世,George III,英格蘭,58,C,C,D,C,D,D,D,D,單純,,,
56,George IV,喬治四世,ジョージ,George IV,喬治四世,https://en.wikipedia.org/wiki/George_IV,https://zh.wikipedia.org/wiki/喬治四世,攝政王,56,喬治四世,喬治四世,George IV,英格蘭,59,C,C,D,C,C,C,D,D,單純,,,
57,Victoria,維多利亞,ヴィクトリア,Queen Victoria,維多利亞女王,https://en.wikipedia.org/wiki/Queen_Victoria,https://zh.wikipedia.org/wiki/维多利亚女王,時代錯置；遊戲隱藏/彩蛋角色？維多利亞1819年才出生,57,維多利亞女王,維多利亞,Victoria,英格蘭,60,A,A,B,B,B,B,B,C,冷靜,勇氣,魅力,幸運
58,Addington,亞丁頓,アディントン,Henry Addington,亨利·阿丁頓,https://en.wikipedia.org/wiki/Henry_Addington,https://zh.wikipedia.org/wiki/亨利·阿丁顿,英國首相(1801-1804),58,第一代西德默斯子爵亨利·阿丁頓,亞丁頓,Addington,英格蘭,61,B,B,A,C,D,D,D,D,,膽小,,
59,Sheridan,薛里登,シェリダン,Richard Brinsley Sheridan,理查·布林斯利·謝里丹,https://en.wikipedia.org/wiki/Richard_Brinsley_Sheridan,https://zh.wikipedia.org/wiki/理查·布林斯利·谢里丹,劇作家兼政治家,59,理查德·布林斯利·謝立丹,薛里登,Sheridan,英格蘭,62,B,C,D,C,D,D,D,D,,膽小,魅力,
60,Picton,彼克頓,ピクトン,Thomas Picton,托馬斯·皮克頓,https://en.wikipedia.org/wiki/Thomas_Picton,https://zh.wikipedia.org/wiki/托马斯·皮克顿,滑鐵盧戰役陣亡,60,Thomas Picton,彼克頓,Picton,英格蘭,63,C,D,C,B,B,B,C,B,,勇氣,,
61,Pitt,皮特,ピット,William Pitt the Younger,小威廉·皮特,https://en.wikipedia.org/wiki/William_Pitt_the_Younger,https://zh.wikipedia.org/wiki/小威廉·皮特,英國首相,61,小威廉·皮特,皮特,Pitt,英格蘭,64,A,A,B,B,D,D,D,D,冷靜,,魅力,
62,Basaust,巴紹特,バスアースト,Henry Bathurst 3rd Earl Bathurst,第三代巴瑟斯特伯爵亨利·巴瑟斯特,https://en.wikipedia.org/wiki/Henry_Bathurst%2C_3rd_Earl_Bathurst,,Basaust可能為Bathurst之訛寫；戰爭與殖民大臣,62,(巴紹特),巴紹特,Basaust,英格蘭,65,B,B,B,C,C,C,C,B,,,,
63,Bylandt,比藍特,ビラント,Willem Frederik van Bylandt,威廉·弗雷德里克·範·比蘭特,https://en.wikipedia.org/wiki/Willem_Frederik_van_Bylandt,,滑鐵盧戰役荷蘭旅長,63,(比藍特),比藍特,Bylandt,英格蘭,66,D,D,C,C,C,C,C,C,,,,
64,Gordon,戈登,ゴードン,Alexander Gordon,亞歷山大·戈登,https://en.wikipedia.org/wiki/Alexander_Gordon_(British_Army_officer%2C_born_1786),,威靈頓副官；滑鐵盧戰役陣亡,64,(戈登),戈登,Gordon,英格蘭,67,D,D,C,C,C,B,D,D,,勇氣,魅力,
65,Orange,奧蘭治,オレンジ,William Prince of Orange,奧蘭治親王威廉,https://en.wikipedia.org/wiki/William_II_of_the_Netherlands,https://zh.wikipedia.org/wiki/威廉二世_(尼德兰),後為荷蘭國王威廉二世,65,(奧蘭治),奧蘭治,Orange,英格蘭,68,B,C,C,B,C,B,C,C,,,,
66,Moore,穆爾,ムーア,Sir John Moore,約翰·摩爾爵士,https://en.wikipedia.org/wiki/Sir_John_Moore,https://zh.wikipedia.org/wiki/约翰·摩尔爵士,科魯納戰役陣亡,66,John Moore (Irish politician),穆爾,Moore,英格蘭,69,C,B,C,C,B,B,C,B,,勇氣,,
67,Uxbridge,厄克司喬,アックスブリッジ,Henry Paget 1st Marquess of Anglesey,第一代安格爾西侯爵亨利·佩吉特,https://en.wikipedia.org/wiki/Henry_Paget%2C_1st_Marquess_of_Anglesey,,滑鐵盧戰役騎兵指揮官,67,第一代安格爾西侯爵亨利·佩吉特,厄克司喬,Uxbridge,英格蘭,70,D,D,C,C,B,D,B,D,單純,,,
68,Lambert,藍伯特,ランバート,John Lambert,約翰·蘭伯特,https://en.wikipedia.org/wiki/John_Lambert_(British_Army_officer),,滑鐵盧戰役旅長,68,(藍伯特),藍伯特,Lambert,英格蘭,71,C,B,C,C,D,B,D,C,,,,
69,Beresford,畢瑞福德,ベレスフォード,William Beresford,威廉·貝雷斯福德,https://en.wikipedia.org/wiki/William_Beresford%2C_1st_Viscount_Beresford,,半島戰爭；重建葡萄牙軍隊,69,"William Beresford, 1st Viscount Beresford",畢瑞福德,Beresford,英格蘭,72,C,B,B,B,B,B,C,C,,,,
70,Wellington,威靈頓,ウェリントン,Arthur Wellesley 1st Duke of Wellington,第一代威靈頓公爵阿瑟·韋爾斯利,https://en.wikipedia.org/wiki/Duke_of_Wellington,https://zh.wikipedia.org/wiki/第一代威灵顿公爵阿瑟·韦尔斯利,滑鐵盧戰役勝利者,70,第一代威靈頓公爵阿瑟·威爾斯利,威靈頓,Wellington,英格蘭,73,B,B,A,A,A,A,B,B,冷靜,,,幸運
71,Maitland,梅特蘭,メイトランド,Frederick Maitland,弗雷德里克·梅特蘭,https://en.wikipedia.org/wiki/Frederick_Maitland_(Royal_Navy_officer),,接受拿破崙投降的海軍軍官；亦可能指Peregrine Maitland,71,Frederick Maitland,梅特蘭,Maitland,英格蘭,74,D,D,C,D,C,C,C,B,,,,
72,Cornwallis,康瓦利斯,コーンウォリス,Charles Cornwallis 1st Marquess Cornwallis,第一代康沃利斯侯爵,https://en.wikipedia.org/wiki/Charles_Cornwallis%2C_1st_Marquess_Cornwallis,https://zh.wikipedia.org/wiki/第一代康沃利斯侯爵查尔斯·康沃利斯,美國獨立戰爭、愛爾蘭總督,72,(康瓦利斯),康瓦利斯,Cornwallis,英格蘭,75,C,D,C,B,C,C,C,B,,,,
73,Alten,華亭,アルテン,Karl von Alten,卡爾·馮·阿爾滕,https://en.wikipedia.org/wiki/Charles,_Count_Alten,,73,(華亭),華亭,Alten,英格蘭,76,D,D,D,D,C,D,B,C,,,,
74,Phelippeaux,菲利比克斯,フィリッポー,Antoine de Phélippeaux,安托萬·德·菲利波,https://en.wikipedia.org/wiki/Antoine_de_Phélippeaux,,協助防守阿克城抵抗拿破崙,74,Antoine Le Picard de Phélippeaux,菲利比克斯,Phelippeaux,英格蘭,77,C,C,B,B,D,C,D,B,冷靜,,,
75,Vandeleur,范德魯,ヴァンドルー,John Ormsby Vandeleur,約翰·奧姆斯比·范德勒爾,https://en.wikipedia.org/wiki/Sir_John_Ormsby_Vandeleur,,滑鐵盧騎兵旅長,75,Ormsby Vandeleur,范德魯,Vandeleur,英格蘭,78,C,D,D,D,D,D,B,D,,,,
76,Vivian,威維恩,ヴィヴィアン,Hussey Vivian,赫西·維維安,https://en.wikipedia.org/wiki/Hussey_Vivian%2C_1st_Baron_Vivian,,滑鐵盧騎兵旅長,76,"Hussey Vivian, 1st Baron Vivian",威維恩,Vivian,英格蘭,79,C,D,D,D,D,C,C,D,,,,
77,Somerset,塞納爾蒙,サマセット,Lord Edward Somerset,愛德華·薩默塞特勳爵,https://en.wikipedia.org/wiki/Lord_Edward_Somerset,,ZH名塞納爾蒙(Sénarmont)與EN名Somerset不符,77,"FitzRoy Somerset, 1st Baron Raglan",塞納爾蒙,Somerset,英格蘭,80,D,C,B,C,C,D,B,D,,,,
78,Hill,西爾,ヒル,Rowland Hill 1st Viscount Hill,第一代希爾子爵羅蘭·希爾,https://en.wikipedia.org/wiki/Rowland_Hill%2C_1st_Viscount_Hill,,威靈頓副手,78,"Rowland Hill, 1st Viscount Hill",西爾,Hill,英格蘭,81,C,C,C,C,B,B,C,C,,,,
79,Pershey,波謝,パーシー,Henry Percy,亨利·珀西,https://en.wikipedia.org/wiki/Henry_Percy_(British_Army_officer),,英國軍官，滑鐵盧戰役倖存的威靈頓副官，負責傳遞戰報至倫敦,79,(波謝),波謝,Pershey,英格蘭,82,D,D,C,D,D,C,D,B,,膽小,,
80,Ponsonby,潘森彼,ポンソンビー,William Ponsonby,威廉·龐森比,https://en.wikipedia.org/wiki/Sir_William_Ponsonby,,滑鐵盧聯合旅長；戰役中陣亡,80,Frederick Cavendish Ponsonby,潘森彼,Ponsonby,英格蘭,83,C,C,B,C,B,C,B,D,,勇氣,,
81,McDonnel,麥克唐納,マクドネル,James Macdonell,詹姆斯·麥克唐奈,https://en.wikipedia.org/wiki/James_Macdonell,,滑鐵盧烏古蒙莊園防守英雄,81,(麥克唐納),麥克唐納,McDonnel,英格蘭,84,D,D,C,C,D,C,C,C,,,,
82,Colburn,科伯恩,コルボーン,John Colborne,約翰·科爾伯恩,https://en.wikipedia.org/wiki/John_Colborne%2C_1st_Baron_Seaton,,滑鐵盧第52團指揮官,82,(科伯恩),科伯恩,Colburn,英格蘭,85,C,D,C,D,D,C,D,C,,,,
83,Castlereagh,卡西勒布,キャッスルリーフ,Robert Stewart Viscount Castlereagh,卡斯爾雷子爵羅伯特·斯圖爾特,https://en.wikipedia.org/wiki/Robert_Stewart%2C_Viscount_Castlereagh,https://zh.wikipedia.org/wiki/卡蘇里子爵羅伯特·史都華,外交大臣；維也納會議英方代表,83,卡斯爾雷子爵勞勃·史都華,卡西勒布,Castlereagh,英格蘭,86,C,C,C,D,C,B,D,D,,,,
84,Wade,昂吉迪,アーチディーケ,,,,,待考證；EN名Wade / ZH名昂吉迪 / JP名アーチディーケ(Archduke?)三者完全不符；英國陣營利物浦；出生年1777,84,(昂吉迪),昂吉迪,Wade,英格蘭,87,C,C,C,D,C,C,D,D,,,,
85,Mercer,馬什,マーサー,Alexander Cavalié Mercer,亞歷山大·卡瓦利耶·默瑟,https://en.wikipedia.org/wiki/Alexander_Cavalié_Mercer,,滑鐵盧砲兵軍官；著有回憶錄,85,Cavalié Mercer,馬什,Mercer,英格蘭,88,D,D,C,B,D,C,D,C,,,,
86,Delancey,多朗什,ドランシー,William Howe De Lancey,威廉·豪·德蘭西,https://en.wikipedia.org/wiki/William_Howe_De_Lancey,,威靈頓副官長；滑鐵盧陣亡,86,William Howe De Lancey,多朗什,Delancey,英格蘭,89,C,D,C,C,C,C,C,D,,,,
87,Ramsay,拉姆齊,ラムゼイ,Norman Ramsay,諾曼·拉姆齊,https://en.wikipedia.org/wiki/Norman_Ramsay_(British_Army_officer),,騎馬砲兵軍官；滑鐵盧陣亡,87,(拉姆齊),拉姆齊,Ramsay,英格蘭,90,D,D,C,C,D,D,D,C,,,,
88,Chatham,查塔姆,チャタム,John Pitt 2nd Earl of Chatham,第二代查塔姆伯爵約翰·皮特,https://en.wikipedia.org/wiki/John_Pitt%2C_2nd_Earl_of_Chatham,,小皮特之兄；瓦爾赫倫遠征失敗,88,"John Pitt, 2nd Earl of Chatham",查塔姆,Chatham,英格蘭,91,C,C,D,D,C,D,D,D,,,,
89,Nomire,諾莫爾,ノーマイル,,,,,待考證；JP名ノーマイル(Normile?)；英國陣營愛丁堡；出生年1782,89,(諾莫爾),諾莫爾,Nomire,英格蘭,92,D,D,D,C,D,C,D,C,,,,
90,Baring,貝林格,ベアリング,George Baring,喬治·巴林,https://en.wikipedia.org/wiki/George_Baring,,滑鐵盧拉海聖特莊園防守者,90,Georg Baring,貝林格,Baring,英格蘭,93,D,D,C,C,C,C,D,C,,,,
91,Dawson,多爾蓀,ドーソン,,,,,待考證；JP名ドーソン=Dawson；英國陣營布里斯托爾；出生年1783,91,"John Dawson, 2nd Earl of Portarlington",多爾蓀,Dawson,英格蘭,94,D,D,C,C,D,B,D,D,,,,
92,Pavel I,鮑威爾一世,パーヴェル,Paul I of Russia,保羅一世,https://en.wikipedia.org/wiki/Paul_I_of_Russia,https://zh.wikipedia.org/wiki/保罗一世_(俄国),俄國沙皇；1801年遇弒,92,(鮑威爾一世),鮑威爾一世,Pavel I,俄羅斯,95,D,C,C,C,D,D,D,D,單純,膽小,,
93,Alexander I,亞厲山大一世,アレクサンドル,Alexander I of Russia,亞歷山大一世,https://en.wikipedia.org/wiki/Alexander_I_of_Russia,https://zh.wikipedia.org/wiki/亚历山大一世_(俄国),俄國沙皇；反法同盟領袖,93,(亞厲山大一世),亞厲山大一世,Alexander I,俄羅斯,96,B,B,C,C,B,C,C,C,,,魅力,
94,Bennigsen,本尼格森,ベニングセン,Levin August von Bennigsen,列文·奧古斯特·馮·本尼格森,https://en.wikipedia.org/wiki/Levin_August,_Count_von_Bennigsen,,94,(本尼格森),本尼格森,Bennigsen,俄羅斯,97,B,C,C,B,B,B,C,B,冷靜,,,幸運
95,Rostopchin,羅斯托普金,ロストプチーン,Fyodor Rostopchin,費奧多爾·羅斯托普欽,https://en.wikipedia.org/wiki/Fyodor_Rostopchin,,莫斯科總督；焚城爭議,95,(羅斯托普金),羅斯托普金,Rostopchin,俄羅斯,98,B,C,C,B,D,C,D,C,單純,膽小,,幸運
96,Kutusov,庫突斯歐夫,クトゥーゾフ,Mikhail Kutuzov,米哈伊爾·庫圖佐夫,https://en.wikipedia.org/wiki/Mikhail_Kutuzov,https://zh.wikipedia.org/wiki/米哈伊尔·库图佐夫,1812年俄軍總司令,96,(庫突斯歐夫),庫突斯歐夫,Kutusov,俄羅斯,99,C,B,A,B,A,A,C,B,冷靜,,,幸運
97,Buxhowden,霍夫頓,ビグソーデン,Friedrich Wilhelm von Buxhoeveden,弗里德里希·威廉·馮·布克斯赫夫登,https://en.wikipedia.org/wiki/Friedrich_Wilhelm_von_Buxhoeveden,,奧斯特里茨戰役左翼指揮,97,(霍夫頓),霍夫頓,Buxhowden,俄羅斯,100,C,D,B,B,B,B,C,B,冷靜,,,
98,Platov,普拉托夫,プラトフ,Matvei Platov,馬特維·普拉托夫,https://en.wikipedia.org/wiki/Matvei_Platov,,頓河哥薩克首領,98,(普拉托夫),普拉托夫,Platov,俄羅斯,101,D,D,C,D,D,D,A,D,,,,
99,Yermolov,葉爾莫洛夫,エルマロフ,Alexei Yermolov,阿列克謝·葉爾莫洛夫,https://en.wikipedia.org/wiki/Alexei_Yermolov,,,99,(葉爾莫洛夫),葉爾莫洛夫,Yermolov,俄羅斯,102,D,D,D,D,C,C,B,C,,,,
100,Gerschakov,戈雷謝可夫,ゲルシュコフ,Andrei Ivanovich Gorchakov,安德烈·伊萬諾維奇·戈爾恰科夫,https://en.wikipedia.org/wiki/Andrei_Ivanovich_Gorchakov,,俄國親王暨步兵將領，蘇沃洛夫的外甥，參加萊比錫戰役,100,(戈雷謝可夫),戈雷謝可夫,Gerschakov,俄羅斯,103,D,D,C,C,C,C,D,B,,,,
101,Bagavout,布霍布登,バゴブート,Karl Baggovut,卡爾·巴戈武特,https://en.wikipedia.org/wiki/Karl_Baggovut,,ZH名布霍布登與EN名Bagavout有差異,101,(布霍布登),布霍布登,Bagavout,俄羅斯,104,D,D,B,C,C,C,D,B,,,,
102,Barclay,巴克萊,バルクラーイ,Barclay de Tolly,巴克萊·德·托利,https://en.wikipedia.org/wiki/Barclay_de_Tolly,https://zh.wikipedia.org/wiki/米哈伊尔·博格达诺维奇·巴克莱·德托利,1812年初期俄軍總司令,102,(巴克萊),巴克萊,Barclay,俄羅斯,105,C,C,A,B,A,B,C,B,冷靜,,,
103,Raefsky,列弗茨基,ラエフスキー,Nikolay Raevsky,尼古拉·拉耶夫斯基,https://en.wikipedia.org/wiki/Nikolay_Raevsky,https://zh.wikipedia.org/wiki/尼古拉·拉耶夫斯基,博羅金諾戰役防守要塞,103,(列弗茨基),列弗茨基,Raefsky,俄羅斯,106,D,D,C,B,C,B,D,A,,,,
104,Ubarov,洛巴諾夫,ウバロフ,Fyodor Uvarov,費奧多爾·烏瓦羅夫,https://en.wikipedia.org/wiki/Fyodor_Uvarov,,EN名Ubarov指Uvarov；ZH名洛巴諾夫可能指不同人物,104,(洛巴諾夫),洛巴諾夫,Ubarov,俄羅斯,107,D,D,D,D,C,D,B,C,,,,
105,Chichagov,庫泰卓夫,クタイゾフ,Alexander Ivanovich Kutaisov,亞歷山大·伊萬諾維奇·庫泰索夫,https://en.wikipedia.org/wiki/Alexander_Kutaisov,,JP名クタイゾフ(Kutaisov)確認；EN名Chichagov與JP名完全不同；ZH名庫泰卓夫接近Kutaisov,105,(庫泰卓夫),庫泰卓夫,Chichagov,俄羅斯,108,C,D,C,B,D,D,D,B,,,,
106,Bagration,巴格拉吉昂,バグラチオン,Pyotr Bagration,彼得·巴格拉季翁,https://en.wikipedia.org/wiki/Pyotr_Bagration,https://zh.wikipedia.org/wiki/彼得·巴格拉季昂,博羅金諾戰役陣亡,106,(巴格拉吉昂),巴格拉吉昂,Bagration,俄羅斯,109,C,C,B,B,B,B,B,C,,勇氣,魅力,
107,Korff,柯羅夫,コルフ,Baron Fyodor Korff,科爾夫男爵,https://en.wikipedia.org/wiki/Fyodor_Korff,,騎兵將領,107,(柯羅夫),柯羅夫,Korff,俄羅斯,110,D,D,C,D,C,C,C,D,,,,
108,Docturov,德克特羅夫,ドクトロフ,Dmitry Dokhturov,德米特里·多赫圖羅夫,https://en.wikipedia.org/wiki/Dmitry_Dokhturov,,,108,(德克特羅夫),德克特羅夫,Docturov,俄羅斯,111,D,D,C,C,C,C,C,B,單純,,,
109,Gortschakow,奇恰可夫,ゴルチャコフ,Andrei Ivanovich Gorchakov,安德烈·伊萬諾維奇·戈爾恰科夫,https://en.wikipedia.org/wiki/Andrei_Ivanovich_Gorchakov,,EN名Gortschakow=Gorchakov；ZH名奇恰可夫似誤植為Chichagov,109,(奇恰可夫),奇恰可夫,Gortschakow,俄羅斯,112,D,D,C,C,C,B,C,C,,,,
110,Kleitz,克萊茲,クレイツ,Cyprian Gualbert Heinrich Graf von Kreutz,齊普里安·馮·克羅伊茨伯爵,https://en.wikipedia.org/wiki/Cyprian_Belzig_von_Kreutz,,JP名クレイツ確認為Kreutz；俄軍騎兵將領；1812年戰役,110,(克萊茲),克萊茲,Kleitz,俄羅斯,113,D,D,D,D,C,D,B,D,,膽小,,
111,Wittgenstein,維特根施泰因,ビトゲンシュタイン,Peter Wittgenstein,彼得·維特根施泰因,https://en.wikipedia.org/wiki/Peter_Wittgenstein,,,111,(維特根施泰因),維特根施泰因,Wittgenstein,俄羅斯,114,C,D,B,C,B,B,C,B,,,,
112,Tolstoi,托爾斯泰,トルストイ,Pyotr Alexandrovich Tolstoy,彼得·亞歷山德羅維奇·托爾斯泰,https://en.wikipedia.org/wiki/Pyotr_Alexandrovich_Tolstoy,,非文豪托爾斯泰,112,(托爾斯泰),托爾斯泰,Tolstoi,俄羅斯,115,D,C,C,B,D,B,D,C,,,,
113,Kaminski,凱敏斯基,カミンスキ,Nikolai Mikhailovich Kamensky,尼古拉·米哈伊洛維奇·卡緬斯基,https://en.wikipedia.org/wiki/Nikolai_Kamensky,,JP名カミンスキ確認為Kamensky；年輕一代卡緬斯基,113,(凱敏斯基),凱敏斯基,Kaminski,俄羅斯,116,D,D,C,C,C,C,C,C,,,,
114,Tutchikov,圖柴可夫,トゥチコフ,Nikolai Tuchkov,尼古拉·圖奇科夫,https://en.wikipedia.org/wiki/Nikolai_Tuchkov,,博羅金諾戰役陣亡,114,(圖柴可夫),圖柴可夫,Tutchikov,俄羅斯,117,C,D,C,B,C,B,C,C,,,,
115,Miloradovich,米洛拉多維奇,ミロラドヴィッチ,Mikhail Miloradovich,米哈伊爾·米洛拉多維奇,https://en.wikipedia.org/wiki/Mikhail_Miloradovich,,,115,(米洛拉多維奇),米洛拉多維奇,Miloradovich,俄羅斯,118,C,D,B,B,C,B,C,B,,,,
116,Nevelofsky,尼維洛斯基,ネヴェロフスキー,Dmitry Petrovich Neverovsky,德米特里·彼得羅維奇·涅韋羅夫斯基,https://en.wikipedia.org/wiki/Dmitry_Neverovsky,,俄軍步兵將領，1812年斯摩棱斯克戰役英勇阻擊法軍,116,(尼維洛斯基),尼維洛斯基,Nevelofsky,俄羅斯,119,C,D,B,C,C,B,D,C,,,,
117,Golitsyn,哥利欣,ゴリーツィン,Dmitry Golitsyn,德米特里·戈利岑,https://en.wikipedia.org/wiki/Dmitry_Golitsyn_(1771–1844),,,117,(哥利欣),哥利欣,Golitsyn,俄羅斯,120,D,D,D,D,D,C,B,C,,,,
118,Sievers,西奧斯,シベリス,Karl Sievers,卡爾·西弗斯,,,,118,(西奧斯),西奧斯,Sievers,俄羅斯,121,D,D,C,D,C,D,B,C,,,,
119,Tormassov,托馬索夫,トルマーソフ,Alexander Tormasov,亞歷山大·托爾馬索夫,https://en.wikipedia.org/wiki/Alexander_Tormasov,,,119,(托馬索夫),托馬索夫,Tormassov,俄羅斯,122,D,D,D,D,C,D,B,C,,,,
120,Constantin,康斯坦丁,コンスタンチン,Grand Duke Constantine Pavlovich,康斯坦丁·巴甫洛維奇大公,https://en.wikipedia.org/wiki/Grand_Duke_Constantine_Pavlovich_of_Russia,https://zh.wikipedia.org/wiki/康斯坦丁·巴甫洛维奇,保羅一世之子,120,(康斯坦丁),康斯坦丁,Constantin,俄羅斯,123,C,B,C,B,B,B,C,C,,,魅力,
121,Woronsov,巴拉肖夫,ヴォロンツォーフ,Mikhail Semyonovich Vorontsov,米哈伊爾·沃龍佐夫,https://en.wikipedia.org/wiki/Mikhail_Semyonovich_Vorontsov,,EN名Woronsov(Vorontsov)；ZH名巴拉肖夫(Balashov)不符,121,(巴拉肖夫),巴拉肖夫,Woronsov,俄羅斯,124,D,D,C,D,C,D,C,D,,,,
122,Wilhelm III,威廉三世,ヴィルヘルム,Frederick William III of Prussia,腓特烈·威廉三世,https://en.wikipedia.org/wiki/Frederick_William_III_of_Prussia,https://zh.wikipedia.org/wiki/腓特烈·威廉三世,普魯士國王,122,(威廉三世),威廉三世,Wilhelm III,普魯士,125,C,C,C,C,D,D,D,D,,膽小,,
123,Brunswick,布朗史威克,ブラウンシュバイク,Karl Wilhelm Ferdinand Duke of Brunswick,布倫瑞克公爵卡爾·威廉·費迪南德,https://en.wikipedia.org/wiki/Charles_William_Ferdinand%2C_Duke_of_Brunswick,https://zh.wikipedia.org/wiki/卡尔·威廉·斐迪南_(不伦瑞克-沃尔芬比特尔),耶拿戰役重傷身亡,123,(布朗史威克),布朗史威克,Brunswick,普魯士,126,C,C,B,C,B,B,C,B,,勇氣,魅力,
124,Blucher,布魯爾,ブリュヒャー,Gebhard Leberecht von Blücher,格布哈德·勒伯萊希特·馮·布呂歇爾,https://en.wikipedia.org/wiki/Gebhard_Leberecht_von_Blücher,https://zh.wikipedia.org/wiki/格布哈德·列博莱希特·冯·布吕歇尔,「前進元帥」；滑鐵盧關鍵援軍,124,(布魯爾),布魯爾,Blucher,普魯士,127,B,C,B,C,B,B,A,C,單純,勇氣,,幸運
125,Hohenloe,霍恩洛厄,ホーエンローエ,Friedrich Ludwig Prince of Hohenlohe-Ingelfingen,霍恩洛厄-英格爾芬根親王弗里德里希·路德維希,https://en.wikipedia.org/wiki/Friedrich_Ludwig%2C_Prince_of_Hohenlohe-Ingelfingen,,耶拿戰役,125,(霍恩洛厄),霍恩洛厄,Hohenloe,普魯士,128,B,C,B,C,B,C,C,B,,,,幸運
126,Hardenberg,哈頓堡,ハルデンベルク,Karl August von Hardenberg,卡爾·奧古斯特·馮·哈登貝格,https://en.wikipedia.org/wiki/Karl_August_von_Hardenberg,https://zh.wikipedia.org/wiki/卡尔·奥古斯特·冯·哈登贝格,普魯士首相；改革者,126,(哈頓堡),哈頓堡,Hardenberg,普魯士,129,A,B,D,B,C,D,D,D,冷靜,,,
127,Weimar,威瑪,ワイマール,Karl August Grand Duke of Saxe-Weimar-Eisenach,薩克森-魏瑪-艾森納赫大公卡爾·奧古斯特,https://en.wikipedia.org/wiki/Charles_Augustus%2C_Grand_Duke_of_Saxe-Weimar-Eisenach,,歌德的贊助者,127,(威瑪),威瑪,Weimar,普魯士,130,B,C,D,C,C,B,C,C,,,,
128,Ruchel,呂歇爾,リュッヘル,Ernst von Rüchel,恩斯特·馮·呂歇爾,https://en.wikipedia.org/wiki/Ernst_von_Rüchel,,耶拿戰役,128,(呂歇爾),呂歇爾,Ruchel,普魯士,131,C,C,D,C,B,B,D,D,,,,
129,Yorck,約克,ヨルク,Ludwig Yorck von Wartenburg,路德維希·約克·馮·瓦滕堡,https://en.wikipedia.org/wiki/Ludwig_Yorck_von_Wartenburg,https://zh.wikipedia.org/wiki/路德维希·约克·冯·瓦滕堡,陶羅根公約,129,(約克),約克,Yorck,普魯士,132,C,D,C,C,B,B,D,C,,,,
130,Scharnhorst,沙安赫司特,シャルンホルスト,Gerhard von Scharnhorst,格哈德·馮·沙恩霍斯特,https://en.wikipedia.org/wiki/Gerhard_von_Scharnhorst,https://zh.wikipedia.org/wiki/格哈德·冯·沙恩霍斯特,普魯士軍事改革者,130,(沙安赫司特),沙安赫司特,Scharnhorst,普魯士,133,B,B,C,C,C,B,C,A,冷靜,,,
131,Bulow,普羅,ビュロー,Friedrich Wilhelm Bülow von Dennewitz,弗里德里希·威廉·比洛·馮·登訥維茨,https://en.wikipedia.org/wiki/Friedrich_Wilhelm_Bülow_von_Dennewitz,,滑鐵盧戰役普軍軍長,131,(普羅),普羅,Bulow,普魯士,134,D,D,D,D,B,C,B,D,單純,,,
132,Dombrowski,都布勞司基,ドンブロフスキ,Jan Henryk Dąbrowski,揚·亨利克·東布羅夫斯基,https://en.wikipedia.org/wiki/Jan_Henryk_Dąbrowski,https://zh.wikipedia.org/wiki/扬·亨利克·东布罗夫斯基,波蘭軍團創建者；法國陣營,132,(都布勞司基),都布勞司基,Dombrowski,法蘭西,56,C,D,D,D,B,D,B,D,,,,
133,Stein,斯泰恩,シュタイン,Heinrich Friedrich Karl vom und zum Stein,海因里希·弗里德里希·卡爾·施泰因男爵,https://en.wikipedia.org/wiki/Heinrich_Friedrich_Karl,_Reichsfreiherr_vom_und_zum_Stein,https://zh.wikipedia.org/wiki/海因里希·弗里德里希·卡尔·冯·施泰因帝国男爵,133,(斯泰恩),斯泰恩,Stein,普魯士,135,B,A,B,B,C,D,D,D,冷靜,,魅力,幸運
134,Gneisenau,格奈森諾,グナイゼナウ,August Neidhardt von Gneisenau,奧古斯特·奈德哈特·馮·格奈森瑙,https://en.wikipedia.org/wiki/August_Neidhardt_von_Gneisenau,https://zh.wikipedia.org/wiki/奥古斯特·冯·格奈泽瑙,布呂歇爾參謀長,134,(格奈森諾),格奈森諾,Gneisenau,普魯士,136,C,C,A,B,B,B,C,B,冷靜,,,幸運
135,Boyen,博恩,ボイエン,Hermann von Boyen,赫爾曼·馮·博恩,https://en.wikipedia.org/wiki/Hermann_von_Boyen,,普魯士軍事改革者,135,(博恩),博恩,Boyen,普魯士,137,B,C,C,B,B,C,C,C,,,,
136,Poniatowski,波奈塔司基,ポニアトフスキ,Józef Antoni Poniatowski,約澤夫·安東尼·波尼亞托夫斯基,https://en.wikipedia.org/wiki/Józef_Poniatowski,https://zh.wikipedia.org/wiki/约泽夫·波尼亚托夫斯基,帝國元帥；波蘭英雄；萊比錫戰役溺亡,136,(波奈塔司基),波奈塔司基,Poniatowski,法蘭西,57,B,C,B,D,C,C,B,D,,,魅力,
137,Kleist,克萊斯特,クライスト,Friedrich Emil Ferdinand Heinrich von Kleist von Nollendorf,克萊斯特·馮·諾倫多夫,https://en.wikipedia.org/wiki/Friedrich_von_Kleist,,,137,(克萊斯特),克萊斯特,Kleist,普魯士,138,D,D,C,D,B,C,C,D,,,,
138,Oudinot,馬迪諾,ウディノ,Nicolas Charles Oudinot,尼古拉·夏爾·烏迪諾,https://en.wikipedia.org/wiki/Nicolas_Charles_Oudinot,https://zh.wikipedia.org/wiki/尼古拉·夏尔·乌迪诺,帝國元帥；ZH名馬迪諾與Oudinot不符,138,(馬迪諾),馬迪諾,Oudinot,法蘭西,55,C,D,C,B,C,B,C,C,,勇氣,,
139,Zieten,芮騰,チーテン,Hans Ernst Karl von Zieten,漢斯·恩斯特·卡爾·馮·齊滕,https://en.wikipedia.org/wiki/Hans_Ernst_Karl,_Count_von_Zieten,,139,(芮騰),芮騰,Zieten,普魯士,139,D,D,C,D,C,C,C,C,,,,
140,Friedrich,弗里德瑞奇,フリードリヒ,"Frederick William, Duke of Brunswick-Wolfenbüttel",不倫瑞克-沃爾芬比特爾公爵弗里德里希·威廉,"https://en.wikipedia.org/wiki/Frederick_William,_Duke_of_Brunswick-Wolfenb%C3%BCttel",https://zh.wikipedia.org/wiki/弗里德里希·威廉_(不伦瑞克-沃尔芬比特尔公爵),「黑公爵」，ID 123 Brunswick之子，1815年四臂村戰役陣亡,140,(弗里德瑞奇),弗里德瑞奇,Friedrich,普魯士,140,B,C,C,C,B,B,C,C,,勇氣,,
141,Ludwig,魯德維格,ルードヴィヒ,Prince Louis Ferdinand of Prussia,普魯士路易·費迪南德親王,https://en.wikipedia.org/wiki/Prince_Louis_Ferdinand_of_Prussia_(1772%E2%80%931806),,JP名ルードヴィヒ；可能指普魯士路易·費迪南德親王(1772-1806)；薩爾費爾德戰役陣亡,141,(魯德維格),魯德維格,Ludwig,普魯士,141,C,C,B,C,B,C,C,C,,,,
142,Thielmann,希爾曼,ティーデマン,Johann Adolf von Thielmann,約翰·阿道夫·馮·蒂爾曼,https://en.wikipedia.org/wiki/Johann_Adolf,_Baron_von_Thielmann,,142,(希爾曼),希爾曼,Thielmann,普魯士,142,C,C,C,B,B,C,C,C,,,,
143,August,奧古斯特,アウグスト,Prince Augustus of Prussia,普魯士奧古斯特親王,https://en.wikipedia.org/wiki/Prince_Augustus_of_Prussia,,,143,(奧古斯特),奧古斯特,August,普魯士,143,C,C,C,D,B,C,B,D,,,,
144,Schill,席勒,シール,Ferdinand von Schill,費迪南德·馮·席爾,https://en.wikipedia.org/wiki/Ferdinand_von_Schill,,反法游擊戰；1809年陣亡,144,(席勒),席勒,Schill,普魯士,144,C,C,B,C,C,C,C,B,,,,
145,Clausewitz,克勞塞維茨,クラウゼヴィッツ,Carl von Clausewitz,卡爾·馮·克勞塞維茨,https://en.wikipedia.org/wiki/Carl_von_Clausewitz,https://zh.wikipedia.org/wiki/卡尔·冯·克劳塞维茨,《戰爭論》作者,145,(克勞塞維茨),克勞塞維茨,Clausewitz,普魯士,145,D,D,A,A,A,C,C,C,冷靜,,,
146,Kosiultelski,科蘇泰司基,コズイテルスキ,Jan Leon Kozietulski,揚·萊昂·科齊圖爾斯基,https://en.wikipedia.org/wiki/Jan_Leon_Kozietulski,,波蘭騎兵軍官；索莫謝拉戰役騎兵衝鋒聞名,146,(科蘇泰司基),科蘇泰司基,Kosiultelski,普魯士,146,D,C,D,D,C,D,B,D,單純,,,
147,Franz I,法蘭一世,フランツ,Francis I of Austria,弗朗茨一世,https://en.wikipedia.org/wiki/Francis_II%2C_Holy_Roman_Emperor,https://zh.wikipedia.org/wiki/弗朗茨二世_(神圣罗马帝国),神聖羅馬帝國末代皇帝/奧地利首任皇帝,147,(法蘭一世),法蘭一世,Franz I,奧地利,147,B,C,D,C,C,C,C,D,,膽小,魅力,
148,Wurmser,維爾姆澤,ヴュルムザー,Dagobert Sigmund von Wurmser,達格伯特·齊格蒙特·馮·維爾姆澤,https://en.wikipedia.org/wiki/Dagobert_Sigmund_von_Wurmser,,1796年義大利戰役,148,(維爾姆澤),維爾姆澤,Wurmser,奧地利,148,C,C,C,B,C,B,C,D,,,,幸運
149,Alvintzi,阿爾文齊,アルヴィンツィ,Joseph Alvinczi,約瑟夫·阿爾文齊,https://en.wikipedia.org/wiki/Joseph_Alvinczi,,1796年義大利戰役,149,(阿爾文齊),阿爾文齊,Alvintzi,奧地利,149,C,C,D,C,C,C,B,D,單純,,,幸運
150,Otto I,歐圖一世,オット,Peter Karl Ott von Bátorkez,彼得·卡爾·奧特·馮·巴托爾凱斯,https://en.wikipedia.org/wiki/Karl_von_Ott,,JP名オット確認；匈牙利裔奧軍騎兵將領；1796年義大利戰役,150,(歐圖一世),歐圖一世,Otto I,奧地利,150,C,C,B,B,C,B,C,C,,,,幸運
151,Leopold,雷伯特,レオポルト,Leopold of Saxe-Coburg-Saalfeld,薩克森-科堡-薩爾費爾德的利奧波德,https://en.wikipedia.org/wiki/Leopold_I_of_Belgium,https://zh.wikipedia.org/wiki/利奧波德一世_(比利時),後來成為比利時國王利奧波德一世，拿破崙戰爭期間在俄軍擔任騎兵將領,151,(雷伯特),雷伯特,Leopold,奧地利,151,B,C,C,D,C,C,C,C,,,,
152,Mack,麥克,マック,Karl Mack von Leiberich,卡爾·馬克·馮·萊貝里希,https://en.wikipedia.org/wiki/Karl_Mack_von_Leiberich,,烏爾姆投降,152,(麥克),麥克,Mack,奧地利,152,B,C,D,C,D,B,C,C,單純,,,
153,Cobenzl,可班瑟,コベンツル,Ludwig von Cobenzl,路德維希·馮·科本茨爾,https://en.wikipedia.org/wiki/Ludwig_von_Cobenzl,,奧地利外交官,153,(可班瑟),可班瑟,Cobenzl,奧地利,153,B,C,D,C,D,D,D,D,,膽小,魅力,
154,Wienfun,維恩芳,ウィンフン,Maximilian Freiherr von Wimpffen,馬克西米利安·馮·維姆普芬男爵,https://en.wikipedia.org/wiki/Maximilian_von_Wimpffen,,JP名ウィンフン為Wimpffen的片假名縮寫；奧軍參謀長(1809)；阿斯佩恩-埃斯林戰役策劃者,154,(維恩芳),維恩芳,Wienfun,奧地利,154,C,D,B,D,D,D,B,C,,,,
155,Belegarde,貝利加德,ベレガルデ,Heinrich von Bellegarde,海因里希·馮·貝勒加爾德,https://en.wikipedia.org/wiki/Heinrich_von_Bellegarde,,,155,(貝利加德),貝利加德,Belegarde,奧地利,155,D,D,C,C,C,C,C,B,,,,
156,Eugen,尤根,オイゲン,Archduke Rainer Joseph of Austria,奧地利的萊納·約瑟夫大公,https://en.wikipedia.org/wiki/Archduke_Rainer_Joseph_of_Austria,,JP名オイゲン(Eugen)；可能指萊納大公或其他奧地利大公(待確認),156,(尤根),尤根,Eugen,奧地利,156,C,C,D,D,C,C,C,C,,,,
157,Ferdinand,費迪南,フェルディナント,Archduke Ferdinand of Austria-Este,斐迪南大公,https://en.wikipedia.org/wiki/Archduke_Ferdinand_Karl_Joseph_of_Austria-Este,,,157,(費迪南),費迪南,Ferdinand,奧地利,157,B,C,B,B,C,B,C,C,,,,幸運
158,Schmidt,施米圖,シュミット,Johann Heinrich von Schmitt,約翰·海因里希·馮·施米特,https://en.wikipedia.org/wiki/Johann_Heinrich_von_Schmitt,,奧軍參謀；1796年萊茵戰役策劃者；1805年奧斯特里茨戰役陣亡,158,(施米圖),施米圖,Schmidt,奧地利,158,C,D,C,C,C,D,D,B,,,,
159,Melas,米拉斯,メラス,Michael von Melas,米夏埃爾·馮·梅拉斯,https://en.wikipedia.org/wiki/Michael_von_Melas,,馬倫戈戰役奧軍指揮官,159,(米拉斯),米拉斯,Melas,奧地利,159,C,C,C,C,B,B,D,D,,,,幸運
160,Gruber,博利厄,プロヴェラ,Giovanni Marchese di Provera,喬瓦尼·普羅韋拉侯爵,https://en.wikipedia.org/wiki/Giovanni_Provera,,JP名プロヴェラ(Provera)與EN名Gruber不同；EN名Gruber可能為另一位奧軍軍官,160,(博利厄),博利厄,Gruber,奧地利,160,C,D,C,D,C,C,C,D,,膽小,,
161,Luveck,路易斯,ルイス,,,,,待考證；JP名ルイス=Louis；奧地利陣營布達佩斯；出生年1769,161,(路易斯),路易斯,Luveck,奧地利,161,D,D,C,D,C,C,D,B,,,,
162,Werneck,魏尼克,ヴェルネック,Franz von Werneck,弗朗茨·馮·韋爾內克,https://en.wikipedia.org/wiki/Franz_von_Werneck,,烏爾姆戰役投降,162,(魏尼克),魏尼克,Werneck,奧地利,162,D,D,C,D,D,D,B,D,,,,
163,Charles,查理斯,カール,Archduke Charles Duke of Teschen,卡爾大公,https://en.wikipedia.org/wiki/Archduke_Charles%2C_Duke_of_Teschen,https://zh.wikipedia.org/wiki/卡尔大公_(奥地利-特申),奧地利最優秀將領；阿斯佩恩-埃斯林戰役勝利者,163,(查理斯),查理斯,Charles,奧地利,163,C,C,C,A,A,B,C,C,,,魅力,幸運
164,Schwarzenberg,施瓦岑貝格,シュワルテンベルク,Karl Philipp Prince of Schwarzenberg,卡爾·菲利普·施瓦岑貝格親王,https://en.wikipedia.org/wiki/Karl_Philipp%2C_Prince_of_Schwarzenberg,https://zh.wikipedia.org/wiki/卡尔·菲利普_(施瓦岑贝格),萊比錫戰役聯軍總司令,164,(施瓦岑貝格),施瓦岑貝格,Schwarzenberg,奧地利,164,B,C,B,B,B,B,C,C,冷靜,,,
165,Rujean,儒瑾,ルジヒナン,"Franz Joseph, Marquis de Lusignan",弗朗茨·約瑟夫·呂西尼昂侯爵,"https://en.wikipedia.org/wiki/Franz_Joseph,_Marquis_de_Lusignan",,JP名ルジヒナン=Lusignan；西班牙裔奧軍將領；里沃利戰役(1797)被俘,165,(儒瑾),儒瑾,Rujean,奧地利,165,C,B,D,C,C,C,D,C,,,,
166,Metternich,米特尼奇,メッテルニヒ,Klemens von Metternich,克萊門斯·馮·梅特涅,https://en.wikipedia.org/wiki/Klemens_von_Metternich,https://zh.wikipedia.org/wiki/克莱门斯·冯·梅特涅,奧地利外相；維也納會議主導者,166,(米特尼奇),米特尼奇,Metternich,奧地利,166,A,A,A,B,D,D,D,D,冷靜,,魅力,幸運
167,Johann,約翰,ヨハン,Archduke Johann of Austria,約翰大公,https://en.wikipedia.org/wiki/Archduke_Johann_of_Austria,https://zh.wikipedia.org/wiki/约翰大公_(奥地利),,167,(約翰),約翰,Johann,奧地利,167,C,D,D,D,B,C,B,D,,,魅力,幸運
168,Willem,威廉,ウィレム,William I of the Netherlands,威廉一世,https://en.wikipedia.org/wiki/William_I_of_the_Netherlands,https://zh.wikipedia.org/wiki/威廉一世_(尼德兰),荷蘭國王,168,(威廉),威廉,Willem,荷蘭,176,B,C,C,C,C,C,C,D,,,,
169,BonHomme,邦哈美,ボーム,Jacob de Boehm,雅各布·德·伯姆,,,JP名ボーム(Boehm/Böhm)；EN名BonHomme與JP名不符；可能為荷蘭或奧地利軍官,169,(邦哈美),邦哈美,BonHomme,荷蘭,177,C,C,C,D,C,D,C,D,,,,
170,Hogendorp,荷根多,ホーゲンドープ,Gijsbert Karel van Hogendorp,吉斯貝特·卡雷爾·范霍亨多普,https://en.wikipedia.org/wiki/Gijsbert_Karel_van_Hogendorp,,荷蘭政治家,170,(荷根多),荷根多,Hogendorp,荷蘭,178,C,B,D,C,D,D,C,C,,,,
171,Jansen,詹森,ヤンセン,Jan Willem Janssens,揚·威廉·揚森斯,https://en.wikipedia.org/wiki/Jan_Willem_Janssens,,荷蘭軍官暨殖民地總督；開普殖民地總督及荷屬東印度總督,171,(詹森),詹森,Jansen,荷蘭,179,D,B,D,C,D,C,C,D,單純,,,
172,Cambier,坎培爾,キャビエール,,,,,待考證；JP名キャビエール(Cabière?)；荷蘭陣營阿姆斯特丹；出生年1767,172,(坎培爾),坎培爾,Cambier,荷蘭,180,D,B,C,C,D,C,D,C,,,,
173,Krayenoff,柯羅華特,クレインホフ,Cornelis Kraijenhoff,科爾內利斯·克賴延霍夫,https://en.wikipedia.org/wiki/Cornelis_Kraijenhoff,,荷蘭將領,173,(柯羅華特),柯羅華特,Krayenoff,荷蘭,181,D,C,C,D,D,C,D,D,,膽小,,
174,Maximilian,麥克西米蘭,マクシミリアン,Maximilian I Joseph of Bavaria,馬克西米利安一世·約瑟夫,https://en.wikipedia.org/wiki/Maximilian_I_Joseph_of_Bavaria,https://zh.wikipedia.org/wiki/马克西米利安一世_(巴伐利亚国王),巴伐利亞國王,174,(麥克西米蘭),麥克西米蘭,Maximilian,巴伐利亞,182,B,C,C,B,C,B,C,C,,,魅力,
175,Berg,貝利加德,ベルク,Heinrich von Bellegarde,海因里希·馮·貝勒加德,https://en.wikipedia.org/wiki/Heinrich_von_Bellegarde,,中文名貝利加德直接對應Bellegarde，奧地利元帥，但注意ID 155也是Belegarde，可能重複或有不同分工,175,(貝利加德),貝利加德,Berg,巴伐利亞,183,B,C,C,C,B,C,C,C,,,魅力,
176,Cleves,科魯華特,クレーヴェ,,,,,待考證；JP名クレーヴェ=Kleve/Cleves；巴伐利亞陣營慕尼黑；出生年1765；可能為克萊沃公國相關人物或虛構角色,176,(科魯華特),科魯華特,Cleves,巴伐利亞,184,B,C,D,D,C,C,C,C,,,,
177,Perponche,波那契,ペルポンシェ,Hendrik George de Perponcher-Sedlnitsky,亨德里克·喬治·德·佩爾蓬謝-塞德尼茨基,https://en.wikipedia.org/wiki/Hendrik_George_de_Perponcher_Sedlnitsky,,JP名ペルポンシェ確認為Perponcher；荷蘭將軍；滑鐵盧第二師師長,177,(波那契),波那契,Perponche,巴伐利亞,185,C,D,C,B,B,D,C,C,,,,
178,Montgelas,蒙吉拉斯,モンジュラ,Maximilian von Montgelas,馬克西米利安·馮·蒙特格拉斯,https://en.wikipedia.org/wiki/Maximilian_von_Montgelas,,JP名モンジュラ(Montgelas)與EN名Montgelas確認；巴伐利亞首相,178,(蒙吉拉斯),蒙吉拉斯,Montgelas,巴伐利亞,186,B,B,C,C,D,D,C,D,,,,
179,Schase,夏斯,シャッセ,David Hendrik Chassé,大衛·亨德里克·沙塞,https://en.wikipedia.org/wiki/David_Hendrik_Chassé,,JP名シャッセ(Chassé)；EN名Schase為Chassé訛寫；荷蘭將軍；滑鐵盧戰役,179,(夏斯),夏斯,Schase,巴伐利亞,187,D,D,D,C,D,C,C,D,,,,
180,Reval,瑞凡,レヴァル,Jean François Leval,讓·弗朗索瓦·勒瓦爾,https://en.wikipedia.org/wiki/Jean_Fran%C3%A7ois_Leval,,法國將領，參加耶拿戰役和半島戰爭，JP名レヴァル=Leval,180,(瑞凡),瑞凡,Reval,巴伐利亞,188,D,D,C,D,D,C,C,D,單純,,,
181,Selim III,薛林三世,セリム,Selim III,塞利姆三世,https://en.wikipedia.org/wiki/Selim_III,https://zh.wikipedia.org/wiki/塞利姆三世,鄂圖曼蘇丹；改革者,181,(薛林三世),薛林三世,Selim III,土耳其,189,C,C,D,D,C,D,B,D,冷靜,,魅力,幸運
182,Mustafa IV,馬斯塔法四世,ムスタファ,Mustafa IV,穆斯塔法四世,https://en.wikipedia.org/wiki/Mustafa_IV,https://zh.wikipedia.org/wiki/穆斯塔法四世,鄂圖曼蘇丹,182,(馬斯塔法四世),馬斯塔法四世,Mustafa IV,土耳其,190,D,D,D,D,C,D,C,D,單純,,,
183,Mahmut II,默函特二世,マフムト,Mahmud II,馬哈茂德二世,https://en.wikipedia.org/wiki/Mahmud_II,https://zh.wikipedia.org/wiki/马哈茂德二世,鄂圖曼蘇丹；改革者,183,(默函特二世),默函特二世,Mahmut II,土耳其,191,C,C,D,D,C,C,B,C,冷靜,勇氣,魅力,幸運
184,Pasvanoglu,怕司凡諾格魯,パズバンオウル,Osman Pazvantoğlu,奧斯曼·帕茲萬托盧,https://en.wikipedia.org/wiki/Osman_Pazvantoğlu,,,184,(怕司凡諾格魯),怕司凡諾格魯,Pasvanoglu,土耳其,192,B,C,C,D,D,C,C,D,,,,
185,Abdul,阿部都,アブドゥル,Abdülkadir Bey,阿卜杜勒卡迪爾貝伊,,,JP名アブドゥル=Abdul；鄂圖曼官員；具體身份不確定(待確認),185,(阿部都),阿部都,Abdul,土耳其,193,B,B,D,C,D,D,D,B,,,,
186,Ypsilante,艾普西蘭特,イプシランティ,Constantine Ypsilantis,康斯坦丁·伊普西蘭蒂,https://en.wikipedia.org/wiki/Constantine_Ypsilantis,,瓦拉幾亞大公,186,(艾普西蘭特),艾普西蘭特,Ypsilante,土耳其,194,B,C,D,D,C,C,C,C,,,,
187,Frusht,福洛西特,フルシト,Hurshid Ahmed Pasha,胡爾希德·艾哈邁德帕夏,https://en.wikipedia.org/wiki/Hurshid_Pasha,,JP名フルシト=Hurshid；鄂圖曼將領暨大宰相；喬治亞裔；鎮壓塞爾維亞起義,187,(福洛西特),福洛西特,Frusht,土耳其,195,C,C,C,D,C,D,B,D,,,,
188,Rhigas,瑞蓋司,リガス,Rigas Feraios,里加斯·費萊奧斯,https://en.wikipedia.org/wiki/Rigas_Feraios,,希臘獨立先驅,188,(瑞蓋司),瑞蓋司,Rhigas,土耳其,196,B,C,D,D,D,D,D,D,,,魅力,
189,Ibrahim,易卜拉欣,イブラヒム,Ibrahim Bey,易卜拉欣貝伊,https://en.wikipedia.org/wiki/Ibrahim_Bey_(Mamluk),,馬木留克共同統治者；與穆拉德貝伊共治埃及；拿破崙入侵時逃亡,189,(易卜拉欣),易卜拉欣,Ibrahim,土耳其,197,D,D,D,D,D,D,B,D,,,,
190,Vizier,佛吉爾,ヴィザー,Yusuf Ziya Pasha,優素夫·齊亞帕夏,https://en.wikipedia.org/wiki/Yusuf_Ziyaüddin_Pasha,,JP名ヴィザー=Vizier(大宰相)；可能指優素夫·齊亞帕夏（約1765-1819，任大宰相1798-1805）(待確認),190,(佛吉爾),佛吉爾,Vizier,土耳其,198,C,D,D,D,D,D,B,D,,,,
191,Epithimus,伊匹希莫司,エフティミオス,Thymios Vlachavas,提米奧斯·弗拉哈瓦斯,https://en.wikipedia.org/wiki/Thymios_Vlachavas,,JP名エフティミオス(Efthymios)確認；希臘盜匪領袖；反抗阿里帕夏的鄂圖曼統治；1809年被處決,191,(伊匹希莫司),伊匹希莫司,Epithimus,土耳其,199,B,C,C,C,D,B,D,C,,,,
192,Tepelene,蒂普連,テベレン,Ali Pasha of Tepelena,特佩萊納的阿里帕夏,https://en.wikipedia.org/wiki/Ali_Pasha_of_Ioannina,https://zh.wikipedia.org/wiki/約阿尼納的阿里帕夏,JP名テベレン=Tepelen(a)；與ID 194 Ali為同一人的不同稱呼？或為其家族成員,192,(蒂普連),蒂普連,Tepelene,土耳其,200,B,C,B,D,B,C,C,D,,,,
193,Murad,穆拉德,ムーラッド,Murad Bey,穆拉德貝伊,https://en.wikipedia.org/wiki/Murad_Bey,,JP名ムーラッド確認為Murad；馬木留克首領；金字塔戰役對手,193,(穆拉德),穆拉德,Murad,土耳其,201,D,C,D,D,C,C,B,D,,,,
194,Ali,阿里,アリ,Ali Pasha of Ioannina,約阿尼納的阿里帕夏,https://en.wikipedia.org/wiki/Ali_Pasha_of_Ioannina,https://zh.wikipedia.org/wiki/約阿尼納的阿里帕夏,奧斯曼帝國阿爾巴尼亞裔總督，控制希臘大部分地區，被稱為「巴爾幹的拿破崙」,194,(阿里),阿里,Ali,土耳其,202,D,D,D,D,B,D,A,D,,勇氣,,幸運
195,Kabakchuor,卡巴庫爾,カバクチュオウル,Kabakçı Mustafa,卡巴克奇·穆斯塔法,https://en.wikipedia.org/wiki/Kabak%C3%A7%C4%B1_Mustafa,,JP名カバクチュオウル；鄂圖曼禁衛軍叛亂領袖；推翻塞利姆三世,195,(卡巴庫爾),卡巴庫爾,Kabakchuor,土耳其,203,C,C,C,C,B,C,D,C,,,,
196,Cherebi,恰瑞比,チェレビ,,,,,待考證；JP名チェレビ=Çelebi(鄂圖曼尊稱)；鄂圖曼陣營布加勒斯特；出生年1773,196,(恰瑞比),恰瑞比,Cherebi,土耳其,204,D,D,C,D,C,C,C,D,,,,
197,Bayrakdar,拜拉克達,バイラクタル,Alemdar Mustafa Pasha,阿列姆達爾·穆斯塔法帕夏,https://en.wikipedia.org/wiki/Alemdar_Mustafa_Pasha,,JP名バイラクタル=Bayraktar/旗手；鄂圖曼大宰相；擁立馬哈茂德二世,197,(拜拉克達),拜拉克達,Bayrakdar,土耳其,205,D,D,D,C,C,C,C,C,,,,
198,Karageorge,卡拉喬琪,カラジョルジェ,Karađorđe Petrović,卡拉喬爾傑·彼得羅維奇,https://en.wikipedia.org/wiki/Kara%C4%91or%C4%91e,https://zh.wikipedia.org/wiki/卡拉喬爾傑·彼得羅維奇,JP名カラジョルジェ確認；塞爾維亞革命領袖；卡拉喬爾傑維奇王朝始祖,198,(卡拉喬琪),卡拉喬琪,Karageorge,土耳其,206,B,B,D,D,C,D,C,D,,,,
199,Tayarl,泰亞爾,タヤール,Tayyar Mahmud Pasha,塔亞爾·馬哈穆德帕夏,,,JP名タヤール確認為Tayyar；鄂圖曼地方權貴(阿揚)；控制特拉布宗省,199,(泰亞爾),泰亞爾,Tayarl,土耳其,207,D,D,C,D,C,D,C,D,,,,
200,Selanovitch,塞蘭諾維奇,セラノヴィッチ,,,,,待考證；JP名セラノヴィッチ(Selenović?)；鄂圖曼陣營薩拉耶沃；出生年1769；可能為塞爾維亞反鄂圖曼起義人物,200,(塞蘭諾維奇),塞蘭諾維奇,Selanovitch,土耳其,208,B,C,B,C,D,D,D,B,,,,
201,Carlos,卡洛司,カルロス,Charles IV of Spain,卡洛斯四世,https://en.wikipedia.org/wiki/Charles_IV_of_Spain,https://zh.wikipedia.org/wiki/卡洛斯四世,西班牙國王,201,(卡洛司),卡洛司,Carlos,西班牙,209,C,C,D,D,C,C,C,C,,膽小,,
202,Fernando,費迪南,フェルナンド,Ferdinand VII of Spain,費迪南七世,https://en.wikipedia.org/wiki/Ferdinand_VII_of_Spain,https://zh.wikipedia.org/wiki/费尔南多七世,西班牙國王,202,(費迪南),費迪南,Fernando,西班牙,210,C,C,C,C,B,C,C,C,,,魅力,
203,Diaz,戴茲,エンペシナード,"Juan Martín Díez ""El Empecinado""",胡安·馬丁·迪耶斯「頑固者」,https://en.wikipedia.org/wiki/Juan_Mart%C3%ADn_D%C3%ADez,,JP名直接用了他的綽號「エンペシナード」(El Empecinado)，西班牙半島戰爭游擊隊領袖,203,(戴茲),戴茲,Diaz,西班牙,211,C,C,B,B,D,A,D,D,,勇氣,,
204,Infantado,伊凡塔多,インファンタード,Pedro de Alcántara Duke of the Infantado,因凡塔多公爵佩德羅·德·阿爾坎塔拉,https://en.wikipedia.org/wiki/Pedro_de_Alcántara%2C_13th_Duke_of_the_Infantado,,,204,(伊凡塔多),伊凡塔多,Infantado,西班牙,212,C,C,D,C,C,C,C,D,,,,
205,Cuesta,庫斯塔,クエスタ,Gregorio García de la Cuesta,格雷戈里奧·加西亞·德·拉·庫埃斯塔,https://en.wikipedia.org/wiki/Gregorio_García_de_la_Cuesta,,塔拉韋拉戰役,205,(庫斯塔),庫斯塔,Cuesta,西班牙,213,C,C,D,C,C,B,D,C,,,,
206,Blake,布萊克,ブレイク,Joaquín Blake,華金·布萊克,https://en.wikipedia.org/wiki/Joaquín_Blake,,西班牙將領,206,(布萊克),布萊克,Blake,西班牙,214,C,C,B,C,B,B,C,C,,勇氣,,
207,Beralde,伯雷德,ベラルデ,Pedro Velarde y Santillán,佩德羅·貝拉爾德·伊·桑蒂利安,https://en.wikipedia.org/wiki/Pedro_Velarde_y_Santillán,,JP名ベラルデ=Velarde；1808年5月2日馬德里起義英雄；與達奧伊斯(ID 211)並稱,207,(伯雷德),伯雷德,Beralde,西班牙,215,C,D,D,B,C,C,D,B,,,,
208,Albuquerque,艾布奎克,アルケブルケ,José María de la Cueva 14th Duke of Albuquerque,第十四代阿爾布開克公爵,https://en.wikipedia.org/wiki/José_María_de_la_Cueva%2C_14th_Duke_of_Albuquerque,,,208,(艾布奎克),艾布奎克,Albuquerque,西班牙,216,B,C,B,C,C,C,C,D,,,,
209,Castanos,卡斯塔那司,カスターニョス,Francisco Castaños,弗朗西斯科·卡斯塔尼奧斯,https://en.wikipedia.org/wiki/Francisco_Castaños,,拜倫戰役勝利者,209,(卡斯塔那司),卡斯塔那司,Castanos,西班牙,217,C,C,D,D,B,B,D,C,,,,
210,Godoy,戈第,ゴドイ,Manuel Godoy,曼努埃爾·戈多伊,https://en.wikipedia.org/wiki/Manuel_Godoy,https://zh.wikipedia.org/wiki/曼努埃尔·戈多伊,西班牙首相；和平親王,210,(戈第),戈第,Godoy,西班牙,218,B,B,D,D,D,D,D,D,,膽小,,
211,Daois,達伊斯,ダオイス,Luis Daoíz y Torres,路易斯·達奧伊斯·伊·托雷斯,https://en.wikipedia.org/wiki/Luis_Dao%C3%ADz_y_Torres,,JP名ダオイス確認為Daoíz；1808年5月2日馬德里起義英雄,211,(達伊斯),達伊斯,Daois,西班牙,219,C,D,C,B,C,C,D,B,,,,
212,Arezaga,阿瑞查戈,アレイサーガ,Juan Carlos de Areizaga,胡安·卡洛斯·德·阿雷查加,https://en.wikipedia.org/wiki/Juan_Carlos_de_Areizaga,,奧卡尼亞戰役,212,(阿瑞查戈),阿瑞查戈,Arezaga,西班牙,220,C,C,C,C,C,C,B,D,,,,
213,Romana,羅馬納,ロマナ,Pedro Caro 3rd Marquis of la Romana,第三代拉羅馬納侯爵佩德羅·卡羅,https://en.wikipedia.org/wiki/Pedro_Caro%2C_3rd_Marquis_of_la_Romana,,,213,(羅馬納),羅馬納,Romana,西班牙,221,C,D,C,D,C,D,B,D,單純,,,
214,Core,寇爾,コレイ,Adamantios Korais,阿達曼提奧斯·科萊斯,https://en.wikipedia.org/wiki/Adamantios_Korais,https://zh.wikipedia.org/wiki/阿達曼提奧斯·科萊斯,希臘學者，現代希臘文學奠基人，又稱Coray，JP名コレイ=Korei/Coray,214,(寇爾),寇爾,Core,西班牙,222,B,C,C,B,D,D,D,D,,,,
215,Redingo,拉丁哥,レディング,Theodor von Reding,西奧多·馮·雷丁,https://en.wikipedia.org/wiki/Theodor_von_Reding,,JP名レディング確認為Reding；瑞士籍西班牙軍將領；拜倫戰役勝利者,215,(拉丁哥),拉丁哥,Redingo,西班牙,223,D,C,C,D,C,C,C,D,,,,
216,Mina,米納,イミーナ,Francisco Espoz y Mina,弗朗西斯科·埃斯波斯·伊·米納,https://en.wikipedia.org/wiki/Francisco_Espoz_y_Mina,,西班牙游擊戰領袖,216,(米納),米納,Mina,西班牙,224,C,D,C,B,C,A,D,D,,,,
217,Pickney,彼可奈,ピクニィ,Charles Cotesworth Pinckney,查爾斯·科茨沃思·平克尼,https://en.wikipedia.org/wiki/Charles_Cotesworth_Pinckney,https://zh.wikipedia.org/wiki/查尔斯·科茨沃思·平克尼,美國開國元勳、外交官暨將軍，曾任駐法公使，XYZ事件當事人,217,(彼可奈),彼可奈,Pickney,西班牙,225,D,D,C,D,C,B,C,D,,,,
218,Joao VI,佐奧六世,ジョアン,John VI of Portugal,若昂六世,https://en.wikipedia.org/wiki/John_VI_of_Portugal,https://zh.wikipedia.org/wiki/若昂六世,葡萄牙國王；遷都巴西,218,(佐奧六世),佐奧六世,Joao VI,葡萄牙,226,B,C,B,C,C,C,C,C,,膽小,,
219,Graham,葛拉漢,グラハム,Thomas Graham 1st Baron Lynedoch,第一代林多赫男爵托馬斯·格雷厄姆,https://en.wikipedia.org/wiki/Thomas_Graham%2C_1st_Baron_Lynedoch,,半島戰爭英軍將領,219,(葛拉漢),葛拉漢,Graham,葡萄牙,227,C,C,B,C,B,C,C,D,,,,
220,Forjaz,甫傑茲,フォルザス,Miguel Pereira Forjaz,米格爾·佩雷拉·福爾雅斯,https://en.wikipedia.org/wiki/Miguel_Pereira_Forjaz,,葡萄牙攝政政務大臣,220,(甫傑茲),甫傑茲,Forjaz,葡萄牙,228,B,C,C,C,C,C,C,D,,,,
221,Sanchez,桑吉斯,サンチェス,Julián Sánchez García,朱利安·桑切斯·加西亞,https://en.wikipedia.org/wiki/Julián_Sánchez_García,,El Charro；游擊戰領袖,221,(桑吉斯),桑吉斯,Sanchez,葡萄牙,229,B,D,B,B,D,C,D,B,,,,
222,Valmoden,凡莫敦,ヴァルモーデン,Ludwig von Wallmoden-Gimborn,路德維希·馮·瓦爾莫登-金博恩,https://en.wikipedia.org/wiki/Ludwig_von_Wallmoden-Gimborn,,JP名ヴァルモーデン確認；奧地利裔將領；後在英軍和漢諾威軍服役,222,(凡莫敦),凡莫敦,Valmoden,瑞典,242,B,C,C,D,C,C,C,D,,,,
223,Rucellai,魯西萊,ルチェッラーイ,Bernardo Rucellai (16th c.) or descendant,魯切拉伊家族,,,JP名ルチェッラーイ(Rucellai)；佛羅倫斯名門；遊戲中可能指18世紀末後裔,223,(魯西萊),魯西萊,Rucellai,奧地利,169,C,B,C,D,C,C,C,D,,,,幸運
224,Serbelloni,沙伯龍尼,セルベローニ,Gian Galeazzo Serbelloni,詹·加萊亞佐·塞爾貝洛尼,https://en.wikipedia.org/wiki/Gian_Galeazzo_Serbelloni,,JP名セルベローニ確認；米蘭貴族；奧軍騎兵將領；出生年1744完全吻合,224,(沙伯龍尼),沙伯龍尼,Serbelloni,奧地利,170,B,B,D,D,D,D,D,D,,膽小,,幸運
225,Grimaldi,基瑞邁迪,グリマルディー,"Honoré IV, Prince of Monaco",摩納哥親王奧諾雷四世,"https://en.wikipedia.org/wiki/Honor%C3%A9_IV,_Prince_of_Monaco",,格里馬爾迪家族，摩納哥親王(1758-1819)，法國大革命期間被捕入獄,225,(基瑞邁迪),基瑞邁迪,Grimaldi,奧地利,171,B,C,C,D,D,D,D,D,,,,
226,Galiani,葛萊尼,ガリアーニ,,,,,待考證；JP名ガリアーニ=Galiani；奧地利(義大利)陣營米蘭；出生年1748,226,(葛萊尼),葛萊尼,Galiani,奧地利,172,C,B,C,C,D,D,D,D,,,,幸運
227,Neri,奈利,ネーリ,,,,,待考證；JP名ネーリ=Neri；奧地利(義大利)陣營佛羅倫斯；出生年1749,227,(奈利),奈利,Neri,奧地利,173,B,B,C,D,D,D,D,D,,膽小,,幸運
228,Lodovico,羅多維可,ロドヴィーコ,Lodovico Manin,洛多維科·馬寧,https://en.wikipedia.org/wiki/Ludovico_Manin,https://zh.wikipedia.org/wiki/盧多維科·馬寧,威尼斯共和國末代總督(Doge)，日文維基確認威尼斯陣營代表人物為マニン,228,(羅多維可),羅多維可,Lodovico,奧地利,174,B,C,C,D,D,C,C,D,,,,
229,Colli,珂里,コッリ,Michelangelo Alessandro Colli-Marchi,米開朗基羅·亞歷山德羅·科利-馬爾奇,https://en.wikipedia.org/wiki/Michael_von_Colli,,1796年義大利戰役皮埃蒙特將領,229,(珂里),珂里,Colli,奧地利,175,C,D,C,D,C,C,C,C,,,,
230,Beaulieu,碧利歐,ボーリュー,Johann Peter de Beaulieu,約翰·彼得·博利厄,https://en.wikipedia.org/wiki/Johann_Peter_Beaulieu,,JP名ボーリュー確認為Beaulieu；奧軍將領；1796年義大利戰役拿破崙對手,230,(碧利歐),碧利歐,Beaulieu,奧地利,168,C,D,D,C,B,C,C,C,,,,
231,Manin,曼寧,マニン,Ludovico Manin,盧多維科·馬寧,https://en.wikipedia.org/wiki/Ludovico_Manin,https://zh.wikipedia.org/wiki/卢多维科·马宁,威尼斯末代總督,231,(曼寧),曼寧,Manin,威尼斯,230,B,B,B,C,C,C,D,D,,,魅力,
232,Casanova,卡沙諾娃,カサノヴァ,Giacomo Casanova,賈科莫·卡薩諾瓦,https://en.wikipedia.org/wiki/Giacomo_Casanova,https://zh.wikipedia.org/wiki/贾科莫·卡萨诺瓦,知名冒險家；1798年去世,232,(卡沙諾娃),卡沙諾娃,Casanova,威尼斯,231,B,C,B,C,D,D,D,D,單純,,魅力,
233,Battalia,巴塔里亞,バッターリア,Francesco Battaja,弗朗切斯科·巴塔亞,,,威尼斯共和國末期人物(待確認),233,(巴塔里亞),巴塔里亞,Battalia,威尼斯,232,C,B,C,D,C,D,C,D,,,,
234,Cornell,寇尼里,コルネル,Giorgio Corner,喬治·科爾內爾,,,JP名コルネル=Corner(Cornaro)；威尼斯名門Corner家族成員(待確認),234,(寇尼里),寇尼里,Cornell,威尼斯,233,B,C,C,D,D,D,D,D,,,,
235,Dandolo,丹都羅,ダンドロ,Vincenzo Dandolo,溫琴佐·丹多洛,https://en.wikipedia.org/wiki/Vincenzo_Dandolo,,支持拿破崙的威尼斯人,235,(丹都羅),丹都羅,Dandolo,威尼斯,234,B,C,C,C,D,D,D,D,,,,
236,Pesaro,比沙洛,ペサロ,Francesco Pesaro,弗朗切斯科·佩薩羅,https://en.wikipedia.org/wiki/Francesco_Pesaro,,威尼斯共和國末期政治家(待確認),236,(比沙洛),比沙洛,Pesaro,威尼斯,235,D,D,D,C,C,C,D,C,,,,
237,Carolina,卡洛琳娜,カロリーナ,Maria Carolina of Austria,奧地利的瑪麗亞·卡羅利娜,https://en.wikipedia.org/wiki/Maria_Carolina_of_Austria,https://zh.wikipedia.org/wiki/玛丽亚·卡罗莱纳_(奥地利女大公),那不勒斯王后,237,(卡洛琳娜),卡洛琳娜,Carolina,那普斯,236,C,B,D,D,D,D,D,D,,,,
238,Caracciolo,卡拉西歐羅,カラッチョーロ,Francesco Caracciolo,弗朗切斯科·卡拉喬洛,https://en.wikipedia.org/wiki/Francesco_Caracciolo_(admiral),,那不勒斯海軍上將；被處決,238,(卡拉西歐羅),卡拉西歐羅,Caracciolo,那普斯,237,C,B,C,D,D,C,C,D,,,,
239,Russo,魯索,ルッソ,Vincenzo Russo,溫琴佐·魯索,https://en.wikipedia.org/wiki/Vincenzo_Russo,,義大利愛國者，帕特諾佩共和國(1799)支持者，被處決,239,(魯索),魯索,Russo,那普斯,238,B,C,C,C,D,D,D,D,,,,
240,Acton,艾克頓,アクトン,John Acton 6th Baronet,第六代從男爵約翰·阿克頓,https://en.wikipedia.org/wiki/John_Acton%2C_6th_Baronet,,那不勒斯首相,240,(艾克頓),艾克頓,Acton,那普斯,239,C,C,D,D,C,C,D,C,,,,
241,Cuocco,庫寇,クオッコ,Vincenzo Cuoco,溫琴佐·庫奧科,https://en.wikipedia.org/wiki/Vincenzo_Cuoco,,那不勒斯知識分子,241,(庫寇),庫寇,Cuocco,那普斯,240,C,B,C,C,C,D,D,D,,,,
242,Coletta,庫利塔,コレッタ,Pietro Colletta,彼得羅·科萊塔,https://en.wikipedia.org/wiki/Pietro_Colletta,,那不勒斯將領/歷史學家,242,(庫利塔),庫利塔,Coletta,那普斯,241,D,C,B,D,C,C,C,D,,,,
243,Gustav IV,高斯塔夫四世,グスタフ,Gustav IV Adolf of Sweden,古斯塔夫四世·阿道夫,https://en.wikipedia.org/wiki/Gustav_IV_Adolf_of_Sweden,https://zh.wikipedia.org/wiki/古斯塔夫四世·阿道夫,瑞典國王；被廢黜,243,(高斯塔夫四世),高斯塔夫四世,Gustav IV,瑞典,243,C,B,C,C,B,C,C,C,,,,
244,Karl XIII,卡爾十三世,カルル,Charles XIII of Sweden,卡爾十三世,https://en.wikipedia.org/wiki/Charles_XIII_of_Sweden,https://zh.wikipedia.org/wiki/卡尔十三世,瑞典國王,244,(卡爾十三世),卡爾十三世,Karl XIII,瑞典,244,B,B,C,C,C,C,C,C,,,,
245,Fersen,菲爾森,フェルセン,Hans Axel von Fersen,漢斯·阿克塞爾·馮·費爾森,https://en.wikipedia.org/wiki/Axel_von_Fersen_the_Younger,https://zh.wikipedia.org/wiki/阿克塞尔·冯·费尔森,協助法國王室出逃,245,(菲爾森),菲爾森,Fersen,瑞典,245,B,C,C,C,B,C,B,C,冷靜,,魅力,
246,Christian VII,克利斯汀七世,クリスティアン,Christian VII of Denmark,克里斯蒂安七世,https://en.wikipedia.org/wiki/Christian_VII_of_Denmark,https://zh.wikipedia.org/wiki/克里斯蒂安七世,丹麥國王,246,(克利斯汀七世),克利斯汀七世,Christian VII,丹麥,246,B,C,B,C,C,C,B,C,,,,
247,Frederik VI,佛瑞德雷克,フレデリク,Frederick VI of Denmark,弗雷德里克六世,https://en.wikipedia.org/wiki/Frederick_VI_of_Denmark,https://zh.wikipedia.org/wiki/弗雷德里克六世,丹麥國王,247,(佛瑞德雷克),佛瑞德雷克,Frederik VI,丹麥,247,B,C,C,C,C,D,C,C,,,,
248,Bernstorff,伯恩斯多佛,ベルンシュトルフ,Christian Günther von Bernstorff,克里斯蒂安·金特·馮·伯恩斯托夫,https://en.wikipedia.org/wiki/Christian_Günther_von_Bernstorff,,丹麥外交官,248,(伯恩斯多佛),伯恩斯多佛,Bernstorff,丹麥,248,B,B,D,B,D,D,D,D,,,,
249,Jansen,詹森,ヨハンセン,,,,,待考證；JP名ヨハンセン=Johansen（非Jansen）；丹麥陣營魯貝克；出生年1750；可能為虛構或極冷門人物,249,(詹森),詹森,Jansen,丹麥,249,C,D,C,C,B,D,C,C,,,,
250,Bernhard,伯恩赫德,ベンハート,,,,,待考證；JP名ベンハート=Bernhardt；丹麥陣營魯貝克；出生年1761；可能為虛構或極冷門人物,250,(伯恩赫德),伯恩赫德,Bernhard,丹麥,250,D,C,D,C,B,C,C,D,,,,
251,Sweyn,史威恩,スヴェン,,,,,待考證；JP名スヴェン=Sven；丹麥陣營奧斯陸；出生年1746；可能為虛構或極冷門人物,251,(史威恩),史威恩,Sweyn,丹麥,251,D,C,C,D,D,C,D,B,,,,
252,Erik,伊納克,エリク,,,,,待考證；JP名エリク=Erik；ZH名伊納克不符；丹麥陣營奧斯陸；出生年1766；可能為虛構或極冷門人物,252,(伊納克),伊納克,Erik,丹麥,252,C,C,D,D,C,B,D,D,,,,
253,Hague,海格,ハーグ,,,,,待考證；JP名ハーグ=Haag/Hague；丹麥陣營奧斯陸；出生年1771；可能為虛構或極冷門人物,253,(海格),海格,Hague,丹麥,253,B,C,D,B,C,C,D,D,,,,
254,Christie,克利斯坦,クリスティー,Werner Hosewinckel Christie,維爾納·霍塞溫克爾·克里斯蒂,https://en.wikipedia.org/wiki/Werner_Hosewinckel_Christie,,JP名クリスティー確認；挪威政治家(1778-1849)；出生年完全吻合,254,(克利斯坦),克利斯坦,Christie,丹麥,254,B,C,C,D,D,D,C,C,,,,
